key,value,comment_zh
lowlevel.average_loudness,0.54052204,（低层·average·响度）
lowlevel.barkbands.dmean,0.00001744;0.00133517;0.00236976;0.00100817;0.00134173;0.00074759;0.00094859;0.00055094;0.00035053;0.00024907;0.00028405;0.00021880;0.00005491;0.00003328;0.00002171;0.00001409;0.00001077;0.00000909;0.00000758;0.00000640;0.00000911;0.00000710;0.00000725;0.00001094;0.00001074;0.00002349;0.00001274,（低层·barkbands·dmean）
lowlevel.barkbands.dmean2,0.00002879;0.00195058;0.00279321;0.00139697;0.00195431;0.00113489;0.00133327;0.00080910;0.00045974;0.00030652;0.00024599;0.00021869;0.00006222;0.00004123;0.00002717;0.00001799;0.00001376;0.00001144;0.00000965;0.00000768;0.00001082;0.00000859;0.00000895;0.00001369;0.00001248;0.00002764;0.00001559,（低层·barkbands·dmean2）
lowlevel.barkbands.dvar,0.00000000;0.00000885;0.00003431;0.00000466;0.00000618;0.00000215;0.00001073;0.00000320;0.00000158;0.00000106;0.00001462;0.00000403;0.00000021;0.00000002;0.00000001;0.00000000;0.00000001;0.00000000;0.00000000;0.00000000;0.00000000;0.00000000;0.00000000;0.00000000;0.00000000;0.00000001;0.00000000,（低层·barkbands·dvar）
lowlevel.barkbands.dvar2,0.00000000;0.00001921;0.00004358;0.00000739;0.00001165;0.00000492;0.00002176;0.00000717;0.00000197;0.00000160;0.00001166;0.00000374;0.00000025;0.00000003;0.00000002;0.00000001;0.00000001;0.00000000;0.00000000;0.00000000;0.00000000;0.00000000;0.00000000;0.00000001;0.00000000;0.00000001;0.00000001,（低层·barkbands·dvar2）
lowlevel.barkbands.max,0.00119170;0.09938568;0.25311375;0.06904140;0.09805817;0.04834662;0.16972412;0.08931085;0.08256932;0.08299707;0.45786566;0.17891897;0.07146973;0.01157682;0.01194719;0.00753156;0.00808663;0.00310444;0.00301707;0.00094791;0.00120927;0.00103363;0.00213240;0.00524078;0.00127267;0.00325516;0.00323074,（低层·barkbands·最大值）
lowlevel.barkbands.mean,0.00002393;0.00471306;0.00745955;0.00260345;0.00361225;0.00189966;0.00277292;0.00200149;0.00111335;0.00097648;0.00088877;0.00064741;0.00018930;0.00008876;0.00005434;0.00003109;0.00002397;0.00001827;0.00001741;0.00001366;0.00001856;0.00001475;0.00001334;0.00001705;0.00001869;0.00003979;0.00002077,（低层·barkbands·均值）
lowlevel.barkbands.median,0.00001283;0.00135208;0.00142236;0.00079688;0.00181735;0.00080561;0.00051053;0.00026840;0.00019133;0.00013120;0.00004538;0.00005954;0.00002151;0.00001282;0.00000885;0.00000516;0.00000365;0.00000360;0.00000369;0.00000328;0.00000408;0.00000342;0.00000257;0.00000260;0.00000295;0.00000640;0.00000373,（低层·barkbands·median）
lowlevel.barkbands.min,0.00000000;0.00000000;0.00000000;0.00000000;0.00000000;0.00000000;0.00000000;0.00000000;0.00000000;0.00000000;0.00000000;0.00000000;0.00000000;0.00000000;0.00000000;0.00000000;0.00000000;0.00000000;0.00000000;0.00000000;0.00000000;0.00000000;0.00000000;0.00000000;0.00000000;0.00000000;0.00000000,（低层·barkbands·最小值）
lowlevel.barkbands.stdev,0.00003382;0.00789544;0.01659794;0.00585906;0.00549851;0.00281675;0.00726847;0.00527074;0.00325904;0.00340245;0.01057453;0.00516508;0.00139287;0.00030423;0.00017739;0.00013547;0.00011840;0.00006718;0.00006215;0.00004255;0.00005515;0.00004220;0.00004219;0.00007206;0.00006431;0.00014579;0.00007811,（低层·barkbands·标准差）
lowlevel.barkbands.var,0.00000000;0.00006234;0.00027549;0.00003433;0.00003023;0.00000793;0.00005283;0.00002778;0.00001062;0.00001158;0.00011182;0.00002668;0.00000194;0.00000009;0.00000003;0.00000002;0.00000001;0.00000000;0.00000000;0.00000000;0.00000000;0.00000000;0.00000000;0.00000001;0.00000000;0.00000002;0.00000001,（低层·barkbands·方差）
lowlevel.barkbands_crest.dmean,1.76254916,（低层·barkbands·crest·dmean）
lowlevel.barkbands_crest.dmean2,2.63048959,（低层·barkbands·crest·dmean2）
lowlevel.barkbands_crest.dvar,2.95695329,（低层·barkbands·crest·dvar）
lowlevel.barkbands_crest.dvar2,6.29490089,（低层·barkbands·crest·dvar2）
lowlevel.barkbands_crest.max,26.99891090,（低层·barkbands·crest·最大值）
lowlevel.barkbands_crest.mean,12.69326782,（低层·barkbands·crest·均值）
lowlevel.barkbands_crest.median,11.84082317,（低层·barkbands·crest·median）
lowlevel.barkbands_crest.min,2.56082296,（低层·barkbands·crest·最小值）
lowlevel.barkbands_crest.stdev,4.73921728,（低层·barkbands·crest·标准差）
lowlevel.barkbands_crest.var,22.46018219,（低层·barkbands·crest·方差）
lowlevel.barkbands_flatness_db.dmean,0.01745896,（低层·barkbands·平坦度·db·dmean）
lowlevel.barkbands_flatness_db.dmean2,0.02154808,（低层·barkbands·平坦度·db·dmean2）
lowlevel.barkbands_flatness_db.dvar,0.00033255,（低层·barkbands·平坦度·db·dvar）
lowlevel.barkbands_flatness_db.dvar2,0.00048606,（低层·barkbands·平坦度·db·dvar2）
lowlevel.barkbands_flatness_db.max,0.86058348,（低层·barkbands·平坦度·db·最大值）
lowlevel.barkbands_flatness_db.mean,0.22395998,（低层·barkbands·平坦度·db·均值）
lowlevel.barkbands_flatness_db.median,0.22079659,（低层·barkbands·平坦度·db·median）
lowlevel.barkbands_flatness_db.min,0.01168353,（低层·barkbands·平坦度·db·最小值）
lowlevel.barkbands_flatness_db.stdev,0.07417589,（低层·barkbands·平坦度·db·标准差）
lowlevel.barkbands_flatness_db.var,0.00550206,（低层·barkbands·平坦度·db·方差）
lowlevel.barkbands_kurtosis.dmean,36.72130966,（低层·barkbands·峰度·dmean）
lowlevel.barkbands_kurtosis.dmean2,53.46230698,（低层·barkbands·峰度·dmean2）
lowlevel.barkbands_kurtosis.dvar,11992441.00000000,（低层·barkbands·峰度·dvar）
lowlevel.barkbands_kurtosis.dvar2,27614542.00000000,（低层·barkbands·峰度·dvar2）
lowlevel.barkbands_kurtosis.max,539521.62500000,（低层·barkbands·峰度·最大值）
lowlevel.barkbands_kurtosis.mean,43.19631195,（低层·barkbands·峰度·均值）
lowlevel.barkbands_kurtosis.median,9.09908295,（低层·barkbands·峰度·median）
lowlevel.barkbands_kurtosis.min,-1.92569470,（低层·barkbands·峰度·最小值）
lowlevel.barkbands_kurtosis.stdev,3206.29003906,（低层·barkbands·峰度·标准差）
lowlevel.barkbands_kurtosis.var,10280296.00000000,（低层·barkbands·峰度·方差）
lowlevel.barkbands_skewness.dmean,0.55933869,（低层·barkbands·偏度·dmean）
lowlevel.barkbands_skewness.dmean2,0.75596654,（低层·barkbands·偏度·dmean2）
lowlevel.barkbands_skewness.dvar,15.76920891,（低层·barkbands·偏度·dvar）
lowlevel.barkbands_skewness.dvar2,29.22286415,（低层·barkbands·偏度·dvar2）
lowlevel.barkbands_skewness.max,18.46554565,（低层·barkbands·偏度·最大值）
lowlevel.barkbands_skewness.mean,2.53302526,（低层·barkbands·偏度·均值）
lowlevel.barkbands_skewness.median,2.15380025,（低层·barkbands·偏度·median）
lowlevel.barkbands_skewness.min,-640.06726074,（低层·barkbands·偏度·最小值）
lowlevel.barkbands_skewness.stdev,4.79619932,（低层·barkbands·偏度·标准差）
lowlevel.barkbands_skewness.var,23.00352669,（低层·barkbands·偏度·方差）
lowlevel.barkbands_spread.dmean,2.03955626,（低层·barkbands·扩散度·dmean）
lowlevel.barkbands_spread.dmean2,2.70423388,（低层·barkbands·扩散度·dmean2）
lowlevel.barkbands_spread.dvar,16.96361160,（低层·barkbands·扩散度·dvar）
lowlevel.barkbands_spread.dvar2,27.91819191,（低层·barkbands·扩散度·dvar2）
lowlevel.barkbands_spread.max,135.78616333,（低层·barkbands·扩散度·最大值）
lowlevel.barkbands_spread.mean,8.54901314,（低层·barkbands·扩散度·均值）
lowlevel.barkbands_spread.median,5.77665472,（低层·barkbands·扩散度·median）
lowlevel.barkbands_spread.min,0.00042318,（低层·barkbands·扩散度·最小值）
lowlevel.barkbands_spread.stdev,10.59755135,（低层·barkbands·扩散度·标准差）
lowlevel.barkbands_spread.var,112.30809784,（低层·barkbands·扩散度·方差）
lowlevel.dissonance.dmean,0.03651669,（低层·不协和度·dmean）
lowlevel.dissonance.dmean2,0.06342020,（低层·不协和度·dmean2）
lowlevel.dissonance.dvar,0.00115652,（低层·不协和度·dvar）
lowlevel.dissonance.dvar2,0.00347025,（低层·不协和度·dvar2）
lowlevel.dissonance.max,0.50000006,（低层·不协和度·最大值）
lowlevel.dissonance.mean,0.40783638,（低层·不协和度·均值）
lowlevel.dissonance.median,0.41662607,（低层·不协和度·median）
lowlevel.dissonance.min,0.10270978,（低层·不协和度·最小值）
lowlevel.dissonance.stdev,0.05882784,（低层·不协和度·标准差）
lowlevel.dissonance.var,0.00346071,（低层·不协和度·方差）
lowlevel.dynamic_complexity,4.38365412,（低层·动态·复杂度）
lowlevel.erbbands.dmean,0.01723556;0.39432305;2.42685342;2.87420416;3.65196180;5.22173452;5.22306633;6.89598942;9.84248543;15.71968365;10.62836266;9.00524044;6.96299410;7.12170267;16.14371109;7.73445463;2.67435217;1.84179235;1.49979806;0.79757607;0.67588615;0.55770993;0.49560544;0.40410972;0.33790553;0.29310322;0.39149979;0.31147265;0.26111355;0.22870170;0.21351035;0.17582288;0.21299280;0.12288963;0.08519974;0.07289229;0.04765433;0.01664201;0.00250613;0.00006526,（低层·erbbands·dmean）
lowlevel.erbbands.dmean2,0.02359874;0.55755794;2.77041197;4.05576801;5.32372904;7.65031242;7.68073559;10.49224663;14.24602699;21.72555733;15.62053204;11.88453579;9.37672615;7.77199697;13.31321335;7.61608934;2.92434025;2.25776315;1.77289248;1.01973128;0.84915602;0.70138305;0.62160009;0.51933008;0.41875455;0.35375008;0.45897278;0.37745669;0.31724140;0.27910066;0.26766735;0.21596748;0.26872185;0.14776248;0.09882542;0.08593258;0.05682378;0.02024427;0.00306513;0.00007865,（低层·erbbands·dmean2）
lowlevel.erbbands.dvar,0.00120072;0.78171098;35.82816696;31.79119301;47.79355621;120.13549805;121.92442322;190.17187500;704.08581543;4186.38281250;1302.32666016;1028.43371582;1026.28332520;860.17352295;50770.61328125;4536.72949219;320.45111084;87.93668365;42.63226700;12.44183636;14.23161602;17.77769661;6.22073174;2.58683181;1.53185165;1.04240704;1.87718856;1.04680622;0.79448515;0.61292917;1.02239645;0.60743344;1.58756256;0.29825190;0.11200788;0.08593777;0.03835659;0.00538727;0.00011347;0.00000007,（低层·erbbands·dvar）
lowlevel.erbbands.dvar2,0.00187946;1.57918084;40.50012589;61.92380905;95.35193634;235.31436157;267.24960327;454.56787109;1571.34924316;7612.47656250;3035.65185547;1315.80029297;1740.93920898;918.20129395;38660.48437500;4161.78369141;386.44979858;121.50718689;59.53671265;20.70805931;21.01363945;27.19649124;9.86236858;4.58216000;2.23929620;1.58265078;2.58340120;1.66161287;1.25526154;1.00006127;2.02487326;1.14854157;3.21599936;0.52076405;0.16387440;0.12457927;0.05928374;0.00918158;0.00018838;0.00000011,（低层·erbbands·dvar2）
lowlevel.erbbands.max,1.20514345;35.36991119;299.50387573;163.52243042;193.05328369;423.89053345;352.39227295;423.26968384;1152.09741211;4151.99365234;1757.45703125;2308.71044922;1778.97558594;3280.30541992;26848.39648438;7905.23193359;2373.50244141;1265.64624023;574.99481201;349.08779907;325.93478394;454.05813599;183.79222107;89.18789673;91.83168793;52.49203110;72.52843475;36.63680649;42.52534103;34.01509476;81.17504120;39.73892212;116.55776215;35.06623077;11.98264027;9.94939041;7.38392591;5.08259058;0.47048157;0.01128220,（低层·erbbands·最大值）
lowlevel.erbbands.mean,0.06738267;1.41235816;8.08114719;8.22280407;9.59079075;12.91137218;13.42510509;18.01629066;29.20956039;47.07193756;41.99411011;29.67967033;24.36208344;30.39761734;51.17169952;23.19952774;9.64072609;5.54601431;4.16179276;1.99753928;1.54275644;1.27048171;1.04518855;0.86349726;0.78370720;0.63655013;0.83765239;0.61873382;0.54110694;0.45258665;0.38112488;0.30220115;0.31555864;0.19960688;0.14910567;0.12476144;0.07894541;0.02756833;0.00407997;0.00013239,（低层·erbbands·均值）
lowlevel.erbbands.median,0.01848247;0.43014005;1.99701834;3.67230535;4.02885151;5.67392588;5.50810242;7.03173780;7.75072575;9.05265903;6.13841534;5.70782614;4.70595789;3.89812899;2.90230775;2.71384954;1.35136652;0.91830069;0.71450019;0.41199639;0.27543074;0.20575833;0.19739677;0.18981868;0.17979842;0.15688199;0.17843170;0.14212912;0.12441756;0.09546717;0.07238314;0.05550454;0.04218139;0.02908291;0.02333213;0.02033256;0.01265601;0.00459909;0.00074982;0.00005068,（低层·erbbands·median）
lowlevel.erbbands.min,0.00000000;0.00000000;0.00000000;0.00000000;0.00000000;0.00000000;0.00000000;0.00000000;0.00000000;0.00000000;0.00000000;0.00000000;0.00000000;0.00000000;0.00000000;0.00000000;0.00000000;0.00000000;0.00000000;0.00000000;0.00000000;0.00000000;0.00000000;0.00000000;0.00000000;0.00000000;0.00000000;0.00000000;0.00000000;0.00000000;0.00000000;0.00000000;0.00000000;0.00000000;0.00000000;0.00000000;0.00000000;0.00000000;0.00000000;0.00000000,（低层·erbbands·最小值）
lowlevel.erbbands.stdev,0.11437827;2.40316582;18.03464890;12.51478291;15.96777439;23.04902649;21.12576675;28.00530243;59.23364258;153.84315491;112.20096588;79.18739319;80.26456451;108.99530029;629.09277344;170.65419006;55.72842026;24.76241875;12.96867943;6.12061310;6.84786224;6.37791967;4.00740576;2.85749555;2.48460841;1.87973642;2.68942118;1.75062299;1.59438264;1.29898989;1.29386473;1.03155601;1.44974959;0.74409992;0.52810460;0.45502663;0.29460424;0.10506736;0.01510553;0.00037802,（低层·erbbands·标准差）
lowlevel.erbbands.var,0.01308239;5.77520609;325.24853516;156.61978149;254.96981812;531.25762939;446.29800415;784.29699707;3508.62426758;23667.71679688;12589.05664062;6270.64355469;6442.40039062;11879.97558594;395757.71875000;29122.85351562;3105.65673828;613.17742920;168.18664551;37.46190262;46.89321899;40.67785645;16.05930138;8.16528034;6.17327881;3.53340912;7.23298597;3.06468081;2.54205608;1.68737483;1.67408586;1.06410778;2.10177374;0.55368471;0.27889445;0.20704922;0.08679166;0.01103915;0.00022818;0.00000014,（低层·erbbands·方差）
lowlevel.erbbands_crest.dmean,1.90980363,（低层·erbbands·crest·dmean）
lowlevel.erbbands_crest.dmean2,2.81603360,（低层·erbbands·crest·dmean2）
lowlevel.erbbands_crest.dvar,3.66714811,（低层·erbbands·crest·dvar）
lowlevel.erbbands_crest.dvar2,7.38271046,（低层·erbbands·crest·dvar2）
lowlevel.erbbands_crest.max,34.29470825,（低层·erbbands·crest·最大值）
lowlevel.erbbands_crest.mean,12.34137058,（低层·erbbands·crest·均值）
lowlevel.erbbands_crest.median,11.02085400,（低层·erbbands·crest·median）
lowlevel.erbbands_crest.min,1.88627756,（低层·erbbands·crest·最小值）
lowlevel.erbbands_crest.stdev,5.74934673,（低层·erbbands·crest·标准差）
lowlevel.erbbands_crest.var,33.05498886,（低层·erbbands·crest·方差）
lowlevel.erbbands_flatness_db.dmean,0.01506243,（低层·erbbands·平坦度·db·dmean）
lowlevel.erbbands_flatness_db.dmean2,0.01786052,（低层·erbbands·平坦度·db·dmean2）
lowlevel.erbbands_flatness_db.dvar,0.00023397,（低层·erbbands·平坦度·db·dvar）
lowlevel.erbbands_flatness_db.dvar2,0.00029974,（低层·erbbands·平坦度·db·dvar2）
lowlevel.erbbands_flatness_db.max,0.58803409,（低层·erbbands·平坦度·db·最大值）
lowlevel.erbbands_flatness_db.mean,0.19145320,（低层·erbbands·平坦度·db·均值）
lowlevel.erbbands_flatness_db.median,0.18971418,（低层·erbbands·平坦度·db·median）
lowlevel.erbbands_flatness_db.min,0.02636125,（低层·erbbands·平坦度·db·最小值）
lowlevel.erbbands_flatness_db.stdev,0.07170410,（低层·erbbands·平坦度·db·标准差）
lowlevel.erbbands_flatness_db.var,0.00514148,（低层·erbbands·平坦度·db·方差）
lowlevel.erbbands_kurtosis.dmean,1.69742990,（低层·erbbands·峰度·dmean）
lowlevel.erbbands_kurtosis.dmean2,2.30728126,（低层·erbbands·峰度·dmean2）
lowlevel.erbbands_kurtosis.dvar,12.95704365,（低层·erbbands·峰度·dvar）
lowlevel.erbbands_kurtosis.dvar2,25.44282722,（低层·erbbands·峰度·dvar2）
lowlevel.erbbands_kurtosis.max,301.52401733,（低层·erbbands·峰度·最大值）
lowlevel.erbbands_kurtosis.mean,4.94324684,（低层·erbbands·峰度·均值）
lowlevel.erbbands_kurtosis.median,3.11112070,（低层·erbbands·峰度·median）
lowlevel.erbbands_kurtosis.min,-1.74308479,（低层·erbbands·峰度·最小值）
lowlevel.erbbands_kurtosis.stdev,8.25254059,（低层·erbbands·峰度·标准差）
lowlevel.erbbands_kurtosis.var,68.10443115,（低层·erbbands·峰度·方差）
lowlevel.erbbands_skewness.dmean,0.30787981,（低层·erbbands·偏度·dmean）
lowlevel.erbbands_skewness.dmean2,0.41850641,（低层·erbbands·偏度·dmean2）
lowlevel.erbbands_skewness.dvar,0.11555266,（低层·erbbands·偏度·dvar）
lowlevel.erbbands_skewness.dvar2,0.20950177,（低层·erbbands·偏度·dvar2）
lowlevel.erbbands_skewness.max,9.40473938,（低层·erbbands·偏度·最大值）
lowlevel.erbbands_skewness.mean,1.13689256,（低层·erbbands·偏度·均值）
lowlevel.erbbands_skewness.median,1.10854530,（低层·erbbands·偏度·median）
lowlevel.erbbands_skewness.min,-10.62897587,（低层·erbbands·偏度·最小值）
lowlevel.erbbands_skewness.stdev,1.10068643,（低层·erbbands·偏度·标准差）
lowlevel.erbbands_skewness.var,1.21151066,（低层·erbbands·偏度·方差）
lowlevel.erbbands_spread.dmean,4.58593416,（低层·erbbands·扩散度·dmean）
lowlevel.erbbands_spread.dmean2,5.85097408,（低层·erbbands·扩散度·dmean2）
lowlevel.erbbands_spread.dvar,55.70482254,（低层·erbbands·扩散度·dvar）
lowlevel.erbbands_spread.dvar2,84.95262146,（低层·erbbands·扩散度·dvar2）
lowlevel.erbbands_spread.max,162.41857910,（低层·erbbands·扩散度·最大值）
lowlevel.erbbands_spread.mean,22.83140945,（低层·erbbands·扩散度·均值）
lowlevel.erbbands_spread.median,15.98980904,（低层·erbbands·扩散度·median）
lowlevel.erbbands_spread.min,0.26112971,（低层·erbbands·扩散度·最小值）
lowlevel.erbbands_spread.stdev,20.56401062,（低层·erbbands·扩散度·标准差）
lowlevel.erbbands_spread.var,422.87857056,（低层·erbbands·扩散度·方差）
lowlevel.gfcc.cov,14175.13671875;194.11639404;-1099.63061523;61.06038284;-417.17190552;49.42024231;-170.57955933;17.43778610;-179.16941833;151.73663330;-178.80992126;61.67663574;-127.31246185|194.11639404;2218.27099609;-85.63793945;-658.53503418;43.05896759;-29.97454453;47.13089371;-86.30641937;102.42930603;-71.23067474;125.67665100;-97.75887299;50.31801987|-1099.63061523;-85.63793945;727.23065186;337.79077148;78.09552002;26.04027176;66.71084595;19.80978775;11.86968327;21.03922081;-0.65019798;-9.31301689;-18.69891357|61.06038284;-658.53503418;337.79077148;663.75512695;134.91014099;71.43994141;50.19128418;61.83784866;-19.23851204;26.25259209;-49.47782898;10.21823120;-40.14551926|-417.17190552;43.05896759;78.09552002;134.91014099;265.82293701;105.07096863;66.87194061;22.62242889;33.80976486;5.23801422;13.75610828;-7.24400949;-0.07310504|49.42024231;-29.97454453;26.04027176;71.43994141;105.07096863;141.60281372;64.82905579;17.54903221;1.87015843;-4.87271070;10.11037159;9.49097633;7.96969223|-170.57955933;47.13089371;66.71084595;50.19128418;66.87194061;64.82905579;138.85035706;62.44438934;9.14571762;-4.85931730;-0.35017306;1.29085720;5.17859459|17.43778610;-86.30641937;19.80978775;61.83784866;22.62242889;17.54903221;62.44438934;108.36068726;63.68710709;24.76018906;-6.52546597;-4.92538691;-3.66727185|-179.16941833;102.42930603;11.86968327;-19.23851204;33.80976486;1.87015843;9.14571762;63.68710709;125.09254456;64.07351685;22.58830643;-17.10286331;-1.33891416|151.73663330;-71.23067474;21.03922081;26.25259209;5.23801422;-4.87271070;-4.85931730;24.76018906;64.07351685;100.88127899;34.35137558;13.61859512;-11.29765415|-178.80992126;125.67665100;-0.65019798;-49.47782898;13.75610828;10.11037159;-0.35017306;-6.52546597;22.58830643;34.35137558;81.32026672;32.23367691;13.85488129|61.67663574;-97.75887299;-9.31301689;10.21823120;-7.24400949;9.49097633;1.29085720;-4.92538691;-17.10286331;13.61859512;32.23367691;83.47967529;45.36262512|-127.31246185;50.31801987;-18.69891357;-40.14551926;-0.07310504;7.96969223;5.17859459;-3.66727185;-1.33891416;-11.29765415;13.85488129;45.36262512;81.36813354,（低层·gfcc·cov）
lowlevel.gfcc.icov,0.00016811;-0.00033536;0.00032075;-0.00029389;0.00032721;-0.00058910;0.00065554;-0.00086159;0.00111150;-0.00122048;0.00103988;-0.00059070;0.00037765|-0.00033536;0.00181140;-0.00080409;0.00137692;-0.00086809;0.00178226;-0.00278457;0.00371032;-0.00418833;0.00415515;-0.00397910;0.00284662;-0.00138267|0.00032075;-0.00080409;0.00270633;-0.00204487;0.00094920;-0.00050651;-0.00023581;-0.00008684;0.00111332;-0.00217375;0.00143719;-0.00077352;0.00057672|-0.00029389;0.00137692;-0.00204487;0.00432708;-0.00233252;0.00052966;-0.00021330;-0.00062502;-0.00015953;0.00126276;-0.00067750;0.00069873;0.00018361|0.00032721;-0.00086809;0.00094920;-0.00233252;0.00742196;-0.00465504;-0.00084685;0.00131636;-0.00165359;-0.00079592;0.00097706;-0.00057361;0.00070764|-0.00058910;0.00178226;-0.00050651;0.00052966;-0.00465504;0.01445142;-0.00781486;0.00587500;-0.00540753;0.00619395;-0.00588918;0.00199638;-0.00187562|0.00065554;-0.00278457;-0.00023581;-0.00021330;-0.00084685;-0.00781486;0.02047432;-0.01893197;0.01455669;-0.00827397;0.00566448;-0.00265561;0.00080328|-0.00086159;0.00371032;-0.00008684;-0.00062502;0.00131636;0.00587500;-0.01893197;0.03503228;-0.02723770;0.01360196;-0.00476893;0.00090321;-0.00001245|0.00111150;-0.00418833;0.00111332;-0.00015953;-0.00165359;-0.00540753;0.01455669;-0.02723770;0.03865390;-0.02539060;0.00643660;0.00463857;-0.00369090|-0.00122048;0.00415515;-0.00217375;0.00126276;-0.00079592;0.00619395;-0.00827397;0.01360196;-0.02539060;0.03323693;-0.01503887;-0.00126806;0.00364125|0.00103988;-0.00397910;0.00143719;-0.00067750;0.00097706;-0.00588918;0.00566448;-0.00476893;0.00643660;-0.01503887;0.03043201;-0.01593173;0.00580395|-0.00059070;0.00284662;-0.00077352;0.00069873;-0.00057361;0.00199638;-0.00265561;0.00090321;0.00463857;-0.00126806;-0.01593173;0.03248554;-0.01800155|0.00037765;-0.00138267;0.00057672;0.00018361;0.00070764;-0.00187562;0.00080328;-0.00001245;-0.00369090;0.00364125;0.00580395;-0.01800155;0.02358396,（低层·gfcc·icov）
lowlevel.gfcc.mean,-79.56238556;119.03961945;-51.25661850;-7.17807293;-51.08026123;3.31255031;-26.14149666;0.11908711;-23.85031891;2.16819501;-19.17046356;-0.73995060;-17.23763657,（低层·gfcc·均值）
lowlevel.hfc.dmean,2.59398580,（低层·hfc·dmean）
lowlevel.hfc.dmean2,2.93194461,（低层·hfc·dmean2）
lowlevel.hfc.dvar,49.11918640,（低层·hfc·dvar）
lowlevel.hfc.dvar2,50.56998444,（低层·hfc·dvar2）
lowlevel.hfc.max,655.47155762,（低层·hfc·最大值）
lowlevel.hfc.mean,11.09795856,（低层·hfc·均值）
lowlevel.hfc.median,5.97586966,（低层·hfc·median）
lowlevel.hfc.min,0.00000000,（低层·hfc·最小值）
lowlevel.hfc.stdev,20.03902054,（低层·hfc·标准差）
lowlevel.hfc.var,401.56231689,（低层·hfc·方差）
lowlevel.loudness_ebu128.integrated,-17.22578430,（低层·响度·ebu128·integrated）
lowlevel.loudness_ebu128.loudness_range,6.42999363,（低层·响度·ebu128·响度·range）
lowlevel.loudness_ebu128.momentary.dmean,1.01112735,（低层·响度·ebu128·momentary·dmean）
lowlevel.loudness_ebu128.momentary.dmean2,1.14589810,（低层·响度·ebu128·momentary·dmean2）
lowlevel.loudness_ebu128.momentary.dvar,9.26208782,（低层·响度·ebu128·momentary·dvar）
lowlevel.loudness_ebu128.momentary.dvar2,10.08222580,（低层·响度·ebu128·momentary·dvar2）
lowlevel.loudness_ebu128.momentary.max,-9.83947277,（低层·响度·ebu128·momentary·最大值）
lowlevel.loudness_ebu128.momentary.mean,-19.91013336,（低层·响度·ebu128·momentary·均值）
lowlevel.loudness_ebu128.momentary.median,-18.10780334,（低层·响度·ebu128·momentary·median）
lowlevel.loudness_ebu128.momentary.min,-300.69100952,（低层·响度·ebu128·momentary·最小值）
lowlevel.loudness_ebu128.momentary.stdev,16.99932098,（低层·响度·ebu128·momentary·标准差）
lowlevel.loudness_ebu128.momentary.var,288.97689819,（低层·响度·ebu128·momentary·方差）
lowlevel.loudness_ebu128.short_term.dmean,0.13562618,（低层·响度·ebu128·short·term·dmean）
lowlevel.loudness_ebu128.short_term.dmean2,0.13438112,（低层·响度·ebu128·short·term·dmean2）
lowlevel.loudness_ebu128.short_term.dvar,0.03087599,（低层·响度·ebu128·short·term·dvar）
lowlevel.loudness_ebu128.short_term.dvar2,0.02323066,（低层·响度·ebu128·short·term·dvar2）
lowlevel.loudness_ebu128.short_term.max,-12.90565109,（低层·响度·ebu128·short·term·最大值）
lowlevel.loudness_ebu128.short_term.mean,-18.09159660,（低层·响度·ebu128·short·term·均值）
lowlevel.loudness_ebu128.short_term.median,-17.73641396,（低层·响度·ebu128·short·term·median）
lowlevel.loudness_ebu128.short_term.min,-55.60371399,（低层·响度·ebu128·short·term·最小值）
lowlevel.loudness_ebu128.short_term.stdev,3.08049202,（低层·响度·ebu128·short·term·标准差）
lowlevel.loudness_ebu128.short_term.var,9.48943043,（低层·响度·ebu128·short·term·方差）
lowlevel.melbands.dmean,0.00025398;0.00094439;0.00049482;0.00030307;0.00018996;0.00014882;0.00016589;0.00016280;0.00007507;0.00005900;0.00003481;0.00002921;0.00004165;0.00003753;0.00000846;0.00000583;0.00000326;0.00000255;0.00000143;0.00000103;0.00000081;0.00000064;0.00000052;0.00000043;0.00000034;0.00000028;0.00000021;0.00000021;0.00000025;0.00000026;0.00000016;0.00000015;0.00000015;0.00000012;0.00000013;0.00000012;0.00000010;0.00000015;0.00000013;0.00000010,（低层·melbands·dmean）
lowlevel.melbands.dmean2,0.00036148;0.00113682;0.00067451;0.00043905;0.00027477;0.00022621;0.00023837;0.00022690;0.00011105;0.00007680;0.00004741;0.00003286;0.00003568;0.00003322;0.00000936;0.00000658;0.00000414;0.00000302;0.00000181;0.00000134;0.00000104;0.00000081;0.00000066;0.00000055;0.00000045;0.00000035;0.00000026;0.00000026;0.00000030;0.00000032;0.00000020;0.00000019;0.00000018;0.00000016;0.00000016;0.00000015;0.00000013;0.00000020;0.00000016;0.00000011,（低层·melbands·dmean2）
lowlevel.melbands.dvar,0.00000029;0.00000492;0.00000085;0.00000033;0.00000015;0.00000009;0.00000023;0.00000038;0.00000006;0.00000005;0.00000003;0.00000002;0.00000032;0.00000016;0.00000001;0.00000000;0.00000000;0.00000000;0.00000000;0.00000000;0.00000000;0.00000000;0.00000000;0.00000000;0.00000000;0.00000000;0.00000000;0.00000000;0.00000000;0.00000000;0.00000000;0.00000000;0.00000000;0.00000000;0.00000000;0.00000000;0.00000000;0.00000000;0.00000000;0.00000000,（低层·melbands·dvar）
lowlevel.melbands.dvar2,0.00000058;0.00000636;0.00000152;0.00000059;0.00000032;0.00000020;0.00000051;0.00000071;0.00000015;0.00000006;0.00000004;0.00000002;0.00000024;0.00000012;0.00000001;0.00000000;0.00000000;0.00000000;0.00000000;0.00000000;0.00000000;0.00000000;0.00000000;0.00000000;0.00000000;0.00000000;0.00000000;0.00000000;0.00000000;0.00000000;0.00000000;0.00000000;0.00000000;0.00000000;0.00000000;0.00000000;0.00000000;0.00000000;0.00000000;0.00000000,（低层·melbands·dvar2）
lowlevel.melbands.max,0.01603478;0.10949559;0.02413138;0.02658442;0.01268698;0.00931293;0.02148079;0.03891681;0.01179415;0.01590038;0.00888322;0.01427928;0.06720212;0.04167632;0.01137988;0.00931058;0.00122902;0.00124270;0.00083670;0.00056017;0.00045929;0.00058553;0.00028746;0.00012502;0.00009087;0.00015341;0.00003021;0.00003689;0.00004442;0.00003503;0.00001856;0.00002381;0.00002138;0.00001770;0.00006233;0.00002771;0.00002232;0.00007725;0.00008602;0.00001532,（低层·melbands·最大值）
lowlevel.melbands.mean,0.00096721;0.00329118;0.00151808;0.00080319;0.00051318;0.00038466;0.00049303;0.00050220;0.00029538;0.00018599;0.00011973;0.00012377;0.00013240;0.00011251;0.00002588;0.00002001;0.00000892;0.00000690;0.00000360;0.00000227;0.00000176;0.00000141;0.00000106;0.00000082;0.00000069;0.00000062;0.00000045;0.00000042;0.00000053;0.00000049;0.00000031;0.00000030;0.00000029;0.00000024;0.00000022;0.00000020;0.00000018;0.00000023;0.00000019;0.00000016,（低层·melbands·均值）
lowlevel.melbands.median,0.00027664;0.00113892;0.00072088;0.00039876;0.00021635;0.00015477;0.00011755;0.00009516;0.00004094;0.00003036;0.00002140;0.00001377;0.00000763;0.00000779;0.00000378;0.00000209;0.00000136;0.00000111;0.00000065;0.00000038;0.00000028;0.00000020;0.00000016;0.00000017;0.00000014;0.00000013;0.00000011;0.00000010;0.00000011;0.00000009;0.00000008;0.00000007;0.00000006;0.00000005;0.00000004;0.00000004;0.00000003;0.00000003;0.00000003;0.00000002,（低层·melbands·median）
lowlevel.melbands.min,0.00000000;0.00000000;0.00000000;0.00000000;0.00000000;0.00000000;0.00000000;0.00000000;0.00000000;0.00000000;0.00000000;0.00000000;0.00000000;0.00000000;0.00000000;0.00000000;0.00000000;0.00000000;0.00000000;0.00000000;0.00000000;0.00000000;0.00000000;0.00000000;0.00000000;0.00000000;0.00000000;0.00000000;0.00000000;0.00000000;0.00000000;0.00000000;0.00000000;0.00000000;0.00000000;0.00000000;0.00000000;0.00000000;0.00000000;0.00000000,（低层·melbands·最小值）
lowlevel.melbands.stdev,0.00157444;0.00653032;0.00226499;0.00129157;0.00080495;0.00058307;0.00106266;0.00150233;0.00079194;0.00055091;0.00041060;0.00047165;0.00156573;0.00108457;0.00018411;0.00017118;0.00003166;0.00002353;0.00001151;0.00000934;0.00000804;0.00000754;0.00000542;0.00000284;0.00000249;0.00000264;0.00000129;0.00000134;0.00000179;0.00000153;0.00000088;0.00000090;0.00000084;0.00000069;0.00000080;0.00000068;0.00000061;0.00000105;0.00000090;0.00000056,（低层·melbands·标准差）
lowlevel.melbands.var,0.00000248;0.00004265;0.00000513;0.00000167;0.00000065;0.00000034;0.00000113;0.00000226;0.00000063;0.00000030;0.00000017;0.00000022;0.00000245;0.00000118;0.00000003;0.00000003;0.00000000;0.00000000;0.00000000;0.00000000;0.00000000;0.00000000;0.00000000;0.00000000;0.00000000;0.00000000;0.00000000;0.00000000;0.00000000;0.00000000;0.00000000;0.00000000;0.00000000;0.00000000;0.00000000;0.00000000;0.00000000;0.00000000;0.00000000;0.00000000,（低层·melbands·方差）
lowlevel.melbands128.dmean,0.00001434;0.00009388;0.00031503;0.00079184;0.00130638;0.00108411;0.00063022;0.00050282;0.00039657;0.00037846;0.00034004;0.00026140;0.00020379;0.00018864;0.00019546;0.00016528;0.00013650;0.00019953;0.00026009;0.00021615;0.00012576;0.00013048;0.00008808;0.00003246;0.00006545;0.00008921;0.00004315;0.00004051;0.00002846;0.00004961;0.00002851;0.00001021;0.00001991;0.00011232;0.00003971;0.00002397;0.00002159;0.00000590;0.00000593;0.00000610;0.00000848;0.00000423;0.00000337;0.00000396;0.00000307;0.00000242;0.00000387;0.00000131;0.00000096;0.00000155;0.00000112;0.00000111;0.00000087;0.00000080;0.00000119;0.00000061;0.00000050;0.00000067;0.00000054;0.00000056;0.00000053;0.00000043;0.00000041;0.00000036;0.00000039;0.00000032;0.00000030;0.00000029;0.00000021;0.00000021;0.00000022;0.00000027;0.00000032;0.00000027;0.00000028;0.00000035;0.00000029;0.00000019;0.00000018;0.00000015;0.00000016;0.00000019;0.00000017;0.00000016;0.00000016;0.00000014;0.00000014;0.00000013;0.00000015;0.00000013;0.00000013;0.00000013;0.00000012;0.00000009;0.00000012;0.00000016;0.00000015;0.00000022;0.00000013;0.00000009;0.00000015;0.00000008;0.00000008;0.00000010;0.00000010;0.00000011;0.00000010;0.00000014;0.00000014;0.00000014;0.00000015;0.00000018;0.00000016;0.00000016;0.00000017;0.00000015;0.00000013;0.00000012;0.00000011;0.00000009;0.00000008;0.00000005;0.00000002;0.00000000;0.00000000;0.00000000;0.00000000;0.00000000,（低层·melbands128·dmean）
lowlevel.melbands128.dmean2,0.00002323;0.00013762;0.00042182;0.00118168;0.00149156;0.00137199;0.00093884;0.00066425;0.00061828;0.00055034;0.00051650;0.00037647;0.00030691;0.00029438;0.00029086;0.00026995;0.00020665;0.00028928;0.00037854;0.00029024;0.00018679;0.00019491;0.00013168;0.00004923;0.00009557;0.00010680;0.00006344;0.00005677;0.00004094;0.00005723;0.00003160;0.00001404;0.00002241;0.00008786;0.00003761;0.00002928;0.00002351;0.00000775;0.00000713;0.00000744;0.00000927;0.00000576;0.00000471;0.00000505;0.00000387;0.00000312;0.00000465;0.00000187;0.00000135;0.00000214;0.00000156;0.00000145;0.00000119;0.00000115;0.00000153;0.00000083;0.00000072;0.00000090;0.00000073;0.00000075;0.00000073;0.00000060;0.00000058;0.00000051;0.00000052;0.00000042;0.00000040;0.00000039;0.00000029;0.00000029;0.00000031;0.00000036;0.00000042;0.00000036;0.00000037;0.00000046;0.00000038;0.00000026;0.00000025;0.00000022;0.00000022;0.00000025;0.00000023;0.00000022;0.00000021;0.00000019;0.00000018;0.00000017;0.00000021;0.00000018;0.00000017;0.00000017;0.00000017;0.00000012;0.00000016;0.00000022;0.00000019;0.00000029;0.00000017;0.00000012;0.00000019;0.00000011;0.00000010;0.00000013;0.00000013;0.00000013;0.00000013;0.00000017;0.00000017;0.00000017;0.00000019;0.00000023;0.00000021;0.00000020;0.00000022;0.00000020;0.00000017;0.00000016;0.00000014;0.00000012;0.00000010;0.00000006;0.00000002;0.00000000;0.00000000;0.00000000;0.00000000;0.00000000,（低层·melbands128·dmean2）
lowlevel.melbands128.dvar,0.00000000;0.00000003;0.00000050;0.00000339;0.00001034;0.00000686;0.00000160;0.00000129;0.00000063;0.00000075;0.00000057;0.00000039;0.00000022;0.00000018;0.00000017;0.00000014;0.00000013;0.00000042;0.00000118;0.00000118;0.00000020;0.00000027;0.00000011;0.00000001;0.00000005;0.00000016;0.00000007;0.00000006;0.00000002;0.00000005;0.00000002;0.00000000;0.00000003;0.00000319;0.00000022;0.00000007;0.00000008;0.00000000;0.00000000;0.00000000;0.00000002;0.00000000;0.00000000;0.00000000;0.00000000;0.00000000;0.00000000;0.00000000;0.00000000;0.00000000;0.00000000;0.00000000;0.00000000;0.00000000;0.00000000;0.00000000;0.00000000;0.00000000;0.00000000;0.00000000;0.00000000;0.00000000;0.00000000;0.00000000;0.00000000;0.00000000;0.00000000;0.00000000;0.00000000;0.00000000;0.00000000;0.00000000;0.00000000;0.00000000;0.00000000;0.00000000;0.00000000;0.00000000;0.00000000;0.00000000;0.00000000;0.00000000;0.00000000;0.00000000;0.00000000;0.00000000;0.00000000;0.00000000;0.00000000;0.00000000;0.00000000;0.00000000;0.00000000;0.00000000;0.00000000;0.00000000;0.00000000;0.00000000;0.00000000;0.00000000;0.00000000;0.00000000;0.00000000;0.00000000;0.00000000;0.00000000;0.00000000;0.00000000;0.00000000;0.00000000;0.00000000;0.00000000;0.00000000;0.00000000;0.00000000;0.00000000;0.00000000;0.00000000;0.00000000;0.00000000;0.00000000;0.00000000;0.00000000;0.00000000;0.00000000;0.00000000;0.00000000;0.00000000,（低层·melbands128·dvar）
lowlevel.melbands128.dvar2,0.00000000;0.00000006;0.00000074;0.00000756;0.00001119;0.00001038;0.00000343;0.00000183;0.00000150;0.00000117;0.00000126;0.00000074;0.00000051;0.00000041;0.00000038;0.00000041;0.00000030;0.00000093;0.00000251;0.00000195;0.00000046;0.00000062;0.00000024;0.00000002;0.00000009;0.00000017;0.00000011;0.00000010;0.00000004;0.00000008;0.00000001;0.00000000;0.00000003;0.00000246;0.00000019;0.00000009;0.00000009;0.00000000;0.00000000;0.00000000;0.00000002;0.00000000;0.00000000;0.00000000;0.00000000;0.00000000;0.00000000;0.00000000;0.00000000;0.00000000;0.00000000;0.00000000;0.00000000;0.00000000;0.00000000;0.00000000;0.00000000;0.00000000;0.00000000;0.00000000;0.00000000;0.00000000;0.00000000;0.00000000;0.00000000;0.00000000;0.00000000;0.00000000;0.00000000;0.00000000;0.00000000;0.00000000;0.00000000;0.00000000;0.00000000;0.00000000;0.00000000;0.00000000;0.00000000;0.00000000;0.00000000;0.00000000;0.00000000;0.00000000;0.00000000;0.00000000;0.00000000;0.00000000;0.00000000;0.00000000;0.00000000;0.00000000;0.00000000;0.00000000;0.00000000;0.00000000;0.00000000;0.00000000;0.00000000;0.00000000;0.00000000;0.00000000;0.00000000;0.00000000;0.00000000;0.00000000;0.00000000;0.00000000;0.00000000;0.00000000;0.00000000;0.00000000;0.00000000;0.00000000;0.00000000;0.00000000;0.00000000;0.00000000;0.00000000;0.00000000;0.00000000;0.00000000;0.00000000;0.00000000;0.00000000;0.00000000;0.00000000;0.00000000,（低层·melbands128·dvar2）
lowlevel.melbands128.max,0.00080254;0.00691533;0.02612496;0.07039688;0.17618486;0.10221134;0.03657673;0.04077796;0.02431847;0.04743919;0.03021322;0.02578131;0.01589089;0.01184821;0.01293445;0.01039567;0.01672872;0.02971081;0.05534877;0.07601248;0.01990440;0.03465870;0.02028756;0.00509635;0.01476488;0.02981220;0.02602660;0.01501778;0.02180501;0.02630919;0.01470422;0.00429157;0.01951120;0.21125257;0.04507249;0.03545697;0.04440367;0.00434048;0.00561457;0.00667053;0.02167913;0.00300308;0.00110630;0.00118210;0.00242294;0.00141783;0.00184812;0.00086899;0.00085945;0.00054169;0.00051105;0.00158026;0.00057293;0.00072294;0.00067854;0.00080848;0.00040180;0.00032464;0.00036030;0.00014090;0.00015123;0.00008132;0.00013940;0.00013161;0.00037708;0.00020961;0.00007548;0.00005282;0.00002929;0.00004641;0.00005408;0.00005696;0.00009185;0.00005038;0.00011292;0.00006995;0.00003758;0.00002999;0.00003095;0.00002659;0.00002604;0.00004696;0.00002675;0.00002825;0.00002773;0.00002216;0.00001960;0.00002433;0.00011094;0.00004471;0.00002460;0.00003507;0.00003627;0.00001334;0.00003003;0.00011409;0.00003851;0.00012182;0.00014048;0.00002819;0.00003440;0.00001225;0.00001338;0.00001689;0.00001936;0.00002229;0.00001385;0.00003589;0.00001867;0.00001646;0.00002234;0.00002955;0.00002865;0.00003032;0.00003546;0.00004891;0.00005634;0.00003242;0.00001739;0.00001406;0.00001439;0.00000971;0.00000362;0.00000048;0.00000002;0.00000000;0.00000000;0.00000000,（低层·melbands128·最大值）
lowlevel.melbands128.mean,0.00001922;0.00026908;0.00124707;0.00250371;0.00434012;0.00322094;0.00159430;0.00131848;0.00086631;0.00081564;0.00070685;0.00065136;0.00043890;0.00035569;0.00046929;0.00034133;0.00031109;0.00054743;0.00068057;0.00056308;0.00035626;0.00046757;0.00032276;0.00007972;0.00015946;0.00028802;0.00010701;0.00010649;0.00008943;0.00019542;0.00011194;0.00002963;0.00006204;0.00033800;0.00011528;0.00005844;0.00005766;0.00001447;0.00001767;0.00001959;0.00002737;0.00000961;0.00000681;0.00001053;0.00000644;0.00000516;0.00000945;0.00000250;0.00000170;0.00000303;0.00000214;0.00000217;0.00000148;0.00000138;0.00000261;0.00000113;0.00000084;0.00000124;0.00000094;0.00000102;0.00000087;0.00000067;0.00000067;0.00000066;0.00000076;0.00000059;0.00000060;0.00000056;0.00000036;0.00000037;0.00000037;0.00000045;0.00000059;0.00000050;0.00000053;0.00000055;0.00000046;0.00000033;0.00000031;0.00000026;0.00000028;0.00000033;0.00000031;0.00000029;0.00000027;0.00000024;0.00000023;0.00000022;0.00000024;0.00000021;0.00000020;0.00000019;0.00000019;0.00000015;0.00000018;0.00000022;0.00000021;0.00000029;0.00000017;0.00000014;0.00000021;0.00000014;0.00000013;0.00000016;0.00000017;0.00000017;0.00000017;0.00000022;0.00000022;0.00000022;0.00000024;0.00000028;0.00000025;0.00000025;0.00000027;0.00000024;0.00000021;0.00000019;0.00000017;0.00000014;0.00000012;0.00000007;0.00000003;0.00000000;0.00000000;0.00000000;0.00000000;0.00000000,（低层·melbands128·均值）
lowlevel.melbands128.median,0.00000951;0.00004361;0.00018112;0.00062864;0.00097646;0.00069874;0.00066359;0.00033961;0.00029794;0.00026791;0.00023288;0.00015889;0.00013210;0.00012872;0.00012506;0.00010443;0.00007960;0.00007242;0.00006618;0.00005877;0.00004025;0.00003568;0.00002607;0.00001506;0.00002373;0.00001992;0.00001213;0.00001050;0.00000939;0.00001315;0.00000915;0.00000344;0.00000412;0.00000484;0.00000417;0.00000552;0.00000429;0.00000132;0.00000142;0.00000159;0.00000125;0.00000091;0.00000082;0.00000091;0.00000072;0.00000068;0.00000080;0.00000040;0.00000027;0.00000035;0.00000034;0.00000027;0.00000020;0.00000023;0.00000022;0.00000014;0.00000013;0.00000015;0.00000012;0.00000013;0.00000018;0.00000014;0.00000013;0.00000012;0.00000012;0.00000011;0.00000011;0.00000011;0.00000009;0.00000008;0.00000009;0.00000008;0.00000011;0.00000011;0.00000010;0.00000009;0.00000008;0.00000007;0.00000007;0.00000006;0.00000006;0.00000006;0.00000006;0.00000006;0.00000005;0.00000005;0.00000004;0.00000004;0.00000004;0.00000004;0.00000004;0.00000003;0.00000003;0.00000003;0.00000003;0.00000003;0.00000003;0.00000003;0.00000002;0.00000002;0.00000002;0.00000002;0.00000002;0.00000002;0.00000002;0.00000003;0.00000003;0.00000003;0.00000003;0.00000004;0.00000004;0.00000004;0.00000004;0.00000004;0.00000004;0.00000004;0.00000003;0.00000003;0.00000003;0.00000003;0.00000002;0.00000001;0.00000000;0.00000000;0.00000000;0.00000000;0.00000000;0.00000000,（低层·melbands128·median）
lowlevel.melbands128.min,0.00000000;0.00000000;0.00000000;0.00000000;0.00000000;0.00000000;0.00000000;0.00000000;0.00000000;0.00000000;0.00000000;0.00000000;0.00000000;0.00000000;0.00000000;0.00000000;0.00000000;0.00000000;0.00000000;0.00000000;0.00000000;0.00000000;0.00000000;0.00000000;0.00000000;0.00000000;0.00000000;0.00000000;0.00000000;0.00000000;0.00000000;0.00000000;0.00000000;0.00000000;0.00000000;0.00000000;0.00000000;0.00000000;0.00000000;0.00000000;0.00000000;0.00000000;0.00000000;0.00000000;0.00000000;0.00000000;0.00000000;0.00000000;0.00000000;0.00000000;0.00000000;0.00000000;0.00000000;0.00000000;0.00000000;0.00000000;0.00000000;0.00000000;0.00000000;0.00000000;0.00000000;0.00000000;0.00000000;0.00000000;0.00000000;0.00000000;0.00000000;0.00000000;0.00000000;0.00000000;0.00000000;0.00000000;0.00000000;0.00000000;0.00000000;0.00000000;0.00000000;0.00000000;0.00000000;0.00000000;0.00000000;0.00000000;0.00000000;0.00000000;0.00000000;0.00000000;0.00000000;0.00000000;0.00000000;0.00000000;0.00000000;0.00000000;0.00000000;0.00000000;0.00000000;0.00000000;0.00000000;0.00000000;0.00000000;0.00000000;0.00000000;0.00000000;0.00000000;0.00000000;0.00000000;0.00000000;0.00000000;0.00000000;0.00000000;0.00000000;0.00000000;0.00000000;0.00000000;0.00000000;0.00000000;0.00000000;0.00000000;0.00000000;0.00000000;0.00000000;0.00000000;0.00000000;0.00000000;0.00000000;0.00000000;0.00000000;0.00000000;0.00000000,（低层·melbands128·最小值）
lowlevel.melbands128.stdev,0.00002875;0.00052773;0.00248012;0.00467910;0.01008794;0.00678873;0.00249292;0.00330506;0.00156845;0.00194968;0.00144142;0.00136864;0.00080006;0.00065209;0.00086547;0.00062197;0.00067046;0.00145020;0.00217814;0.00271006;0.00104367;0.00165483;0.00104620;0.00022409;0.00046864;0.00103604;0.00071393;0.00053421;0.00056516;0.00083086;0.00045940;0.00014099;0.00047145;0.00495459;0.00126136;0.00053566;0.00069728;0.00007836;0.00010730;0.00013521;0.00036775;0.00005734;0.00002696;0.00004371;0.00003651;0.00002309;0.00003670;0.00001072;0.00000826;0.00001244;0.00000897;0.00001896;0.00000908;0.00000799;0.00001448;0.00000820;0.00000660;0.00000722;0.00000575;0.00000481;0.00000326;0.00000225;0.00000274;0.00000306;0.00000590;0.00000324;0.00000238;0.00000192;0.00000115;0.00000118;0.00000122;0.00000178;0.00000249;0.00000175;0.00000249;0.00000201;0.00000151;0.00000104;0.00000094;0.00000080;0.00000087;0.00000118;0.00000099;0.00000087;0.00000086;0.00000072;0.00000073;0.00000074;0.00000105;0.00000080;0.00000071;0.00000073;0.00000072;0.00000049;0.00000068;0.00000127;0.00000091;0.00000154;0.00000111;0.00000053;0.00000093;0.00000047;0.00000046;0.00000065;0.00000065;0.00000064;0.00000058;0.00000092;0.00000085;0.00000080;0.00000091;0.00000118;0.00000099;0.00000095;0.00000106;0.00000096;0.00000086;0.00000075;0.00000068;0.00000053;0.00000047;0.00000028;0.00000010;0.00000002;0.00000000;0.00000000;0.00000000;0.00000000,（低层·melbands128·标准差）
lowlevel.melbands128.var,0.00000000;0.00000028;0.00000615;0.00002189;0.00010177;0.00004609;0.00000621;0.00001092;0.00000246;0.00000380;0.00000208;0.00000187;0.00000064;0.00000043;0.00000075;0.00000039;0.00000045;0.00000210;0.00000474;0.00000734;0.00000109;0.00000274;0.00000109;0.00000005;0.00000022;0.00000107;0.00000051;0.00000029;0.00000032;0.00000069;0.00000021;0.00000002;0.00000022;0.00002455;0.00000159;0.00000029;0.00000049;0.00000001;0.00000001;0.00000002;0.00000014;0.00000000;0.00000000;0.00000000;0.00000000;0.00000000;0.00000000;0.00000000;0.00000000;0.00000000;0.00000000;0.00000000;0.00000000;0.00000000;0.00000000;0.00000000;0.00000000;0.00000000;0.00000000;0.00000000;0.00000000;0.00000000;0.00000000;0.00000000;0.00000000;0.00000000;0.00000000;0.00000000;0.00000000;0.00000000;0.00000000;0.00000000;0.00000000;0.00000000;0.00000000;0.00000000;0.00000000;0.00000000;0.00000000;0.00000000;0.00000000;0.00000000;0.00000000;0.00000000;0.00000000;0.00000000;0.00000000;0.00000000;0.00000000;0.00000000;0.00000000;0.00000000;0.00000000;0.00000000;0.00000000;0.00000000;0.00000000;0.00000000;0.00000000;0.00000000;0.00000000;0.00000000;0.00000000;0.00000000;0.00000000;0.00000000;0.00000000;0.00000000;0.00000000;0.00000000;0.00000000;0.00000000;0.00000000;0.00000000;0.00000000;0.00000000;0.00000000;0.00000000;0.00000000;0.00000000;0.00000000;0.00000000;0.00000000;0.00000000;0.00000000;0.00000000;0.00000000;0.00000000,（低层·melbands128·方差）
lowlevel.melbands_crest.dmean,2.08046794,（低层·melbands·crest·dmean）
lowlevel.melbands_crest.dmean2,3.10031199,（低层·melbands·crest·dmean2）
lowlevel.melbands_crest.dvar,4.29666662,（低层·melbands·crest·dvar）
lowlevel.melbands_crest.dvar2,9.06597328,（低层·melbands·crest·dvar2）
lowlevel.melbands_crest.max,35.64671326,（低层·melbands·crest·最大值）
lowlevel.melbands_crest.mean,16.32165527,（低层·melbands·crest·均值）
lowlevel.melbands_crest.median,15.25647068,（低层·melbands·crest·median）
lowlevel.melbands_crest.min,1.60582304,（低层·melbands·crest·最小值）
lowlevel.melbands_crest.stdev,6.25770998,（低层·melbands·crest·标准差）
lowlevel.melbands_crest.var,39.15893555,（低层·melbands·crest·方差）
lowlevel.melbands_flatness_db.dmean,0.01963766,（低层·melbands·平坦度·db·dmean）
lowlevel.melbands_flatness_db.dmean2,0.02384794,（低层·melbands·平坦度·db·dmean2）
lowlevel.melbands_flatness_db.dvar,0.00041392,（低层·melbands·平坦度·db·dvar）
lowlevel.melbands_flatness_db.dvar2,0.00059059,（低层·melbands·平坦度·db·dvar2）
lowlevel.melbands_flatness_db.max,0.62897933,（低层·melbands·平坦度·db·最大值）
lowlevel.melbands_flatness_db.mean,0.33596751,（低层·melbands·平坦度·db·均值）
lowlevel.melbands_flatness_db.median,0.33389181,（低层·melbands·平坦度·db·median）
lowlevel.melbands_flatness_db.min,0.00178703,（低层·melbands·平坦度·db·最小值）
lowlevel.melbands_flatness_db.stdev,0.09012417,（低层·melbands·平坦度·db·标准差）
lowlevel.melbands_flatness_db.var,0.00812237,（低层·melbands·平坦度·db·方差）
lowlevel.melbands_kurtosis.dmean,7.73259354,（低层·melbands·峰度·dmean）
lowlevel.melbands_kurtosis.dmean2,10.56511021,（低层·melbands·峰度·dmean2）
lowlevel.melbands_kurtosis.dvar,266.47293091,（低层·melbands·峰度·dvar）
lowlevel.melbands_kurtosis.dvar2,482.91433716,（低层·melbands·峰度·dvar2）
lowlevel.melbands_kurtosis.max,571.86138916,（低层·melbands·峰度·最大值）
lowlevel.melbands_kurtosis.mean,24.19280434,（低层·melbands·峰度·均值）
lowlevel.melbands_kurtosis.median,8.57863331,（低层·melbands·峰度·median）
lowlevel.melbands_kurtosis.min,-1.93215859,（低层·melbands·峰度·最小值）
lowlevel.melbands_kurtosis.stdev,42.80991364,（低层·melbands·峰度·标准差）
lowlevel.melbands_kurtosis.var,1832.68859863,（低层·melbands·峰度·方差）
lowlevel.melbands_skewness.dmean,0.53966367,（低层·melbands·偏度·dmean）
lowlevel.melbands_skewness.dmean2,0.72773921,（低层·melbands·偏度·dmean2）
lowlevel.melbands_skewness.dvar,0.43331781,（低层·melbands·偏度·dvar）
lowlevel.melbands_skewness.dvar2,0.72819537,（低层·melbands·偏度·dvar2）
lowlevel.melbands_skewness.max,18.37223244,（低层·melbands·偏度·最大值）
lowlevel.melbands_skewness.mean,2.65797234,（低层·melbands·偏度·均值）
lowlevel.melbands_skewness.median,2.14169550,（低层·melbands·偏度·median）
lowlevel.melbands_skewness.min,-5.13242865,（低层·melbands·偏度·最小值）
lowlevel.melbands_skewness.stdev,2.25661492,（低层·melbands·偏度·标准差）
lowlevel.melbands_skewness.var,5.09231091,（低层·melbands·偏度·方差）
lowlevel.melbands_spread.dmean,1.54995966,（低层·melbands·扩散度·dmean）
lowlevel.melbands_spread.dmean2,2.19741297,（低层·melbands·扩散度·dmean2）
lowlevel.melbands_spread.dvar,11.70790482,（低层·melbands·扩散度·dvar）
lowlevel.melbands_spread.dvar2,25.48457527,（低层·melbands·扩散度·dvar2）
lowlevel.melbands_spread.max,255.83964539,（低层·melbands·扩散度·最大值）
lowlevel.melbands_spread.mean,8.47721291,（低层·melbands·扩散度·均值）
lowlevel.melbands_spread.median,6.51230574,（低层·melbands·扩散度·median）
lowlevel.melbands_spread.min,0.25363725,（低层·melbands·扩散度·最小值）
lowlevel.melbands_spread.stdev,11.85914898,（低层·melbands·扩散度·标准差）
lowlevel.melbands_spread.var,140.63941956,（低层·melbands·扩散度·方差）
lowlevel.mfcc.cov,8390.31933594;-334.28448486;-590.49938965;-124.82617188;-187.65220642;28.04757881;-85.38130951;-68.73021698;7.39552164;-0.22235511;17.21067619;15.58758163;-22.99856567|-334.28448486;2439.80224609;-62.45860672;-504.24273682;-89.34156799;-73.37628174;-40.78563690;-55.31822205;-47.05658340;0.34590662;25.05859184;20.16764641;9.54348183|-590.49938965;-62.45860672;554.91625977;261.10101318;56.20168304;49.07112503;57.86891174;25.33994484;12.26691723;11.32044315;9.21447563;11.28656197;13.32436180|-124.82617188;-504.24273682;261.10101318;437.95944214;138.83137512;93.67494202;75.76119232;60.21177673;51.54035568;36.48958206;24.77735710;13.75517750;15.45631504|-187.65220642;-89.34156799;56.20168304;138.83137512;198.68522644;102.49011230;42.09290695;31.19847679;27.44626045;24.94409752;23.55826569;23.81481743;18.30769920|28.04757881;-73.37628174;49.07112503;93.67494202;102.49011230;140.97483826;79.36785126;34.85198975;17.78520584;3.67720127;3.39785743;9.26149273;13.78337765|-85.38130951;-40.78563690;57.86891174;75.76119232;42.09290695;79.36785126;126.61502838;73.34149933;24.20692062;0.60615909;-7.09066629;-1.96309149;6.99230385|-68.73021698;-55.31822205;25.33994484;60.21177673;31.19847679;34.85198975;73.34149933;101.77574158;55.65818405;14.41059399;-0.97057414;-3.73189378;0.97958010|7.39552164;-47.05658340;12.26691723;51.54035568;27.44626045;17.78520584;24.20692062;55.65818405;92.79100037;56.35118484;18.09638596;-0.96007347;-2.64702630|-0.22235511;0.34590662;11.32044315;36.48958206;24.94409752;3.67720127;0.60615909;14.41059399;56.35118484;94.51115417;61.14439011;18.25885773;-2.88821745|17.21067619;25.05859184;9.21447563;24.77735710;23.55826569;3.39785743;-7.09066629;-0.97057414;18.09638596;61.14439011;98.77795410;55.63101959;6.67111778|15.58758163;20.16764641;11.28656197;13.75517750;23.81481743;9.26149273;-1.96309149;-3.73189378;-0.96007347;18.25885773;55.63101959;82.89872742;43.03787613|-22.99856567;9.54348183;13.32436180;15.45631504;18.30769920;13.78337765;6.99230385;0.97958010;-2.64702630;-2.88821745;6.67111778;43.03787613;84.41540527,（低层·MFCC·cov）
lowlevel.mfcc.icov,0.00014158;0.00000329;0.00018950;-0.00012383;0.00031316;-0.00033334;0.00016323;0.00006451;-0.00008823;0.00002030;0.00000267;-0.00011749;0.00006082|0.00000329;0.00061692;-0.00037865;0.00108652;-0.00034601;0.00016040;-0.00032340;0.00010223;-0.00001763;-0.00010919;-0.00033870;0.00014661;-0.00018583|0.00018950;-0.00037865;0.00308725;-0.00252940;0.00102591;-0.00029791;-0.00044219;0.00061736;0.00023494;-0.00005870;0.00045384;-0.00057506;0.00018855|-0.00012383;0.00108652;-0.00252940;0.00631669;-0.00295324;0.00034788;-0.00121496;-0.00037252;-0.00093792;-0.00013509;-0.00130815;0.00108375;-0.00070844|0.00031316;-0.00034601;0.00102591;-0.00295324;0.01098772;-0.00835692;0.00414226;-0.00227713;0.00090686;-0.00183137;0.00065867;-0.00190818;0.00005467|-0.00033334;0.00016040;-0.00029791;0.00034788;-0.00835692;0.01898778;-0.01223810;0.00597955;-0.00326564;0.00309682;-0.00121132;0.00074841;-0.00075150|0.00016323;-0.00032340;-0.00044219;-0.00121496;0.00414226;-0.01223810;0.02362548;-0.01678365;0.00722120;-0.00350484;0.00245564;-0.00041597;-0.00016448|0.00006451;0.00010223;0.00061736;-0.00037252;-0.00227713;0.00597955;-0.01678365;0.02956031;-0.01846250;0.00894669;-0.00313806;0.00069825;0.00016066|-0.00008823;-0.00001763;0.00023494;-0.00093792;0.00090686;-0.00326564;0.00722120;-0.01846250;0.03218444;-0.02144933;0.00845988;-0.00111673;0.00024136|0.00002030;-0.00010919;-0.00005870;-0.00013509;-0.00183137;0.00309682;-0.00350484;0.00894669;-0.02144933;0.03514269;-0.02224006;0.00847803;-0.00190513|0.00000267;-0.00033870;0.00045384;-0.00130815;0.00065867;-0.00121132;0.00245564;-0.00313806;0.00845988;-0.02224006;0.03499695;-0.02277250;0.00844368|-0.00011749;0.00014661;-0.00057506;0.00108375;-0.00190818;0.00074841;-0.00041597;0.00069825;-0.00111673;0.00847803;-0.02277250;0.03357070;-0.01489905|0.00006082;-0.00018583;0.00018855;-0.00070844;0.00005467;-0.00075150;-0.00016448;0.00016066;0.00024136;-0.00190513;0.00844368;-0.01489905;0.01897747,（低层·MFCC·icov）
lowlevel.mfcc.mean,-751.49505615;177.33364868;41.33791733;10.63941765;-2.21152663;4.63884258;1.48514390;-0.70281649;-0.78956270;-0.01026129;-0.71947414;-1.18798292;-2.10327816,（低层·MFCC·均值）
lowlevel.pitch_salience.dmean,0.05381015,（低层·音高·salience·dmean）
lowlevel.pitch_salience.dmean2,0.08156355,（低层·音高·salience·dmean2）
lowlevel.pitch_salience.dvar,0.00256757,（低层·音高·salience·dvar）
lowlevel.pitch_salience.dvar2,0.00551448,（低层·音高·salience·dvar2）
lowlevel.pitch_salience.max,0.93932354,（低层·音高·salience·最大值）
lowlevel.pitch_salience.mean,0.49852264,（低层·音高·salience·均值）
lowlevel.pitch_salience.median,0.50775057,（低层·音高·salience·median）
lowlevel.pitch_salience.min,0.05006768,（低层·音高·salience·最小值）
lowlevel.pitch_salience.stdev,0.14135985,（低层·音高·salience·标准差）
lowlevel.pitch_salience.var,0.01998261,（低层·音高·salience·方差）
lowlevel.silence_rate_20dB.dmean,0.00045426,（低层·silence·比率·20dB·dmean）
lowlevel.silence_rate_20dB.dmean2,0.00090855,（低层·silence·比率·20dB·dmean2）
lowlevel.silence_rate_20dB.dvar,0.00045392,（低层·silence·比率·20dB·dvar）
lowlevel.silence_rate_20dB.dvar2,0.00096406,（低层·silence·比率·20dB·dvar2）
lowlevel.silence_rate_20dB.max,1.00000000,（低层·silence·比率·20dB·最大值）
lowlevel.silence_rate_20dB.mean,0.99920505,（低层·silence·比率·20dB·均值）
lowlevel.silence_rate_20dB.median,1.00000000,（低层·silence·比率·20dB·median）
lowlevel.silence_rate_20dB.min,0.00000000,（低层·silence·比率·20dB·最小值）
lowlevel.silence_rate_20dB.stdev,0.02817767,（低层·silence·比率·20dB·标准差）
lowlevel.silence_rate_20dB.var,0.00079398,（低层·silence·比率·20dB·方差）
lowlevel.silence_rate_30dB.dmean,0.01158367,（低层·silence·比率·30dB·dmean）
lowlevel.silence_rate_30dB.dmean2,0.02316800,（低层·silence·比率·30dB·dmean2）
lowlevel.silence_rate_30dB.dvar,0.01144565,（低层·silence·比率·30dB·dvar）
lowlevel.silence_rate_30dB.dvar2,0.02428656,（低层·silence·比率·30dB·dvar2）
lowlevel.silence_rate_30dB.max,1.00000000,（低层·silence·比率·30dB·最大值）
lowlevel.silence_rate_30dB.mean,0.96737927,（低层·silence·比率·30dB·均值）
lowlevel.silence_rate_30dB.median,1.00000000,（低层·silence·比率·30dB·median）
lowlevel.silence_rate_30dB.min,0.00000000,（低层·silence·比率·30dB·最小值）
lowlevel.silence_rate_30dB.stdev,0.17761983,（低层·silence·比率·30dB·标准差）
lowlevel.silence_rate_30dB.var,0.03154881,（低层·silence·比率·30dB·方差）
lowlevel.silence_rate_60dB.dmean,0.01493385,（低层·silence·比率·60dB·dmean）
lowlevel.silence_rate_60dB.dmean2,0.02986855,（低层·silence·比率·60dB·dmean2）
lowlevel.silence_rate_60dB.dvar,0.01470980,（低层·silence·比率·60dB·dvar）
lowlevel.silence_rate_60dB.dvar2,0.03153456,（低层·silence·比率·60dB·dvar2）
lowlevel.silence_rate_60dB.max,1.00000000,（低层·silence·比率·60dB·最大值）
lowlevel.silence_rate_60dB.mean,0.09587485,（低层·silence·比率·60dB·均值）
lowlevel.silence_rate_60dB.median,0.00000000,（低层·silence·比率·60dB·median）
lowlevel.silence_rate_60dB.min,0.00000000,（低层·silence·比率·60dB·最小值）
lowlevel.silence_rate_60dB.stdev,0.29442751,（低层·silence·比率·60dB·标准差）
lowlevel.silence_rate_60dB.var,0.08668756,（低层·silence·比率·60dB·方差）
lowlevel.spectral_centroid.dmean,59.91753006,（低层·频谱·质心·dmean）
lowlevel.spectral_centroid.dmean2,80.33340454,（低层·频谱·质心·dmean2）
lowlevel.spectral_centroid.dvar,16298.63476562,（低层·频谱·质心·dvar）
lowlevel.spectral_centroid.dvar2,27074.76171875,（低层·频谱·质心·dvar2）
lowlevel.spectral_centroid.max,16369.29003906,（低层·频谱·质心·最大值）
lowlevel.spectral_centroid.mean,540.81121826,（低层·频谱·质心·均值）
lowlevel.spectral_centroid.median,427.85742188,（低层·频谱·质心·median）
lowlevel.spectral_centroid.min,115.50373077,（低层·频谱·质心·最小值）
lowlevel.spectral_centroid.stdev,810.86517334,（低层·频谱·质心·标准差）
lowlevel.spectral_centroid.var,657502.31250000,（低层·频谱·质心·方差）
lowlevel.spectral_complexity.dmean,1.31872129,（低层·频谱·复杂度·dmean）
lowlevel.spectral_complexity.dmean2,2.09772587,（低层·频谱·复杂度·dmean2）
lowlevel.spectral_complexity.dvar,2.22464013,（低层·频谱·复杂度·dvar）
lowlevel.spectral_complexity.dvar2,4.18567753,（低层·频谱·复杂度·dvar2）
lowlevel.spectral_complexity.max,45.00000000,（低层·频谱·复杂度·最大值）
lowlevel.spectral_complexity.mean,9.12386799,（低层·频谱·复杂度·均值）
lowlevel.spectral_complexity.median,9.00000000,（低层·频谱·复杂度·median）
lowlevel.spectral_complexity.min,0.00000000,（低层·频谱·复杂度·最小值）
lowlevel.spectral_complexity.stdev,4.62558556,（低层·频谱·复杂度·标准差）
lowlevel.spectral_complexity.var,21.39604187,（低层·频谱·复杂度·方差）
lowlevel.spectral_contrast_coeffs.dmean,0.03771927;0.03409645;0.02772696;0.01928266;0.01318958;0.00940221,（低层·频谱·contrast·coeffs·dmean）
lowlevel.spectral_contrast_coeffs.dmean2,0.06019207;0.05371461;0.04122064;0.02905225;0.02054499;0.01421776,（低层·频谱·contrast·coeffs·dmean2）
lowlevel.spectral_contrast_coeffs.dvar,0.00091640;0.00077939;0.00056887;0.00026187;0.00013355;0.00006341,（低层·频谱·contrast·coeffs·dvar）
lowlevel.spectral_contrast_coeffs.dvar2,0.00223097;0.00185281;0.00111606;0.00053519;0.00027669;0.00013081,（低层·频谱·contrast·coeffs·dvar2）
lowlevel.spectral_contrast_coeffs.max,-0.33895636;-0.37040076;-0.29425398;-0.47084537;-0.63327217;-0.69692510,（低层·频谱·contrast·coeffs·最大值）
lowlevel.spectral_contrast_coeffs.mean,-0.67507291;-0.72546959;-0.73599023;-0.81443083;-0.85184610;-0.83171278,（低层·频谱·contrast·coeffs·均值）
lowlevel.spectral_contrast_coeffs.median,-0.68124056;-0.73033756;-0.74409819;-0.82770282;-0.85948330;-0.82891780,（低层·频谱·contrast·coeffs·median）
lowlevel.spectral_contrast_coeffs.min,-0.98770410;-0.98059863;-0.97964060;-0.97388029;-0.97937995;-0.96620905,（低层·频谱·contrast·coeffs·最小值）
lowlevel.spectral_contrast_coeffs.stdev,0.08584096;0.08373205;0.08922081;0.06068944;0.03434830;0.02635448,（低层·频谱·contrast·coeffs·标准差）
lowlevel.spectral_contrast_coeffs.var,0.00736867;0.00701106;0.00796035;0.00368321;0.00117981;0.00069456,（低层·频谱·contrast·coeffs·方差）
lowlevel.spectral_contrast_valleys.dmean,0.29235116;0.26727182;0.27015480;0.22653554;0.18235622;0.19375136,（低层·频谱·contrast·valleys·dmean）
lowlevel.spectral_contrast_valleys.dmean2,0.47072959;0.41285759;0.39376497;0.31670427;0.23759232;0.21868883,（低层·频谱·contrast·valleys·dmean2）
lowlevel.spectral_contrast_valleys.dvar,0.05923116;0.05458545;0.06264624;0.04498205;0.03371711;0.04449553,（低层·频谱·contrast·valleys·dvar）
lowlevel.spectral_contrast_valleys.dvar2,0.13803299;0.11030867;0.11034019;0.07266248;0.04652291;0.05508603,（低层·频谱·contrast·valleys·dvar2）
lowlevel.spectral_contrast_valleys.max,-4.64943314;-4.47952938;-5.14140511;-5.39731693;-6.17907858;-8.01607895,（低层·频谱·contrast·valleys·最大值）
lowlevel.spectral_contrast_valleys.mean,-6.86838341;-7.02729464;-8.25022984;-9.05019760;-9.20533848;-11.23725033,（低层·频谱·contrast·valleys·均值）
lowlevel.spectral_contrast_valleys.median,-6.64001179;-6.87491941;-8.11828518;-8.95148754;-8.97069359;-11.09648323,（低层·频谱·contrast·valleys·median）
lowlevel.spectral_contrast_valleys.min,-28.06204796;-27.92160797;-27.85493660;-27.67667770;-27.51654625;-27.43203163,（低层·频谱·contrast·valleys·最小值）
lowlevel.spectral_contrast_valleys.stdev,1.65284204;1.65719604;1.59574449;1.53757370;1.57747483;1.45181203,（低层·频谱·contrast·valleys·标准差）
lowlevel.spectral_contrast_valleys.var,2.73188686;2.74629855;2.54640031;2.36413288;2.48842669;2.10775828,（低层·频谱·contrast·valleys·方差）
lowlevel.spectral_decrease.dmean,0.00000000,（低层·频谱·decrease·dmean）
lowlevel.spectral_decrease.dmean2,0.00000000,（低层·频谱·decrease·dmean2）
lowlevel.spectral_decrease.dvar,0.00000000,（低层·频谱·decrease·dvar）
lowlevel.spectral_decrease.dvar2,0.00000000,（低层·频谱·decrease·dvar2）
lowlevel.spectral_decrease.max,0.00000000,（低层·频谱·decrease·最大值）
lowlevel.spectral_decrease.mean,-0.00000001,（低层·频谱·decrease·均值）
lowlevel.spectral_decrease.median,-0.00000001,（低层·频谱·decrease·median）
lowlevel.spectral_decrease.min,-0.00000015,（低层·频谱·decrease·最小值）
lowlevel.spectral_decrease.stdev,0.00000001,（低层·频谱·decrease·标准差）
lowlevel.spectral_decrease.var,0.00000000,（低层·频谱·decrease·方差）
lowlevel.spectral_energy.dmean,0.00617644,（低层·频谱·能量·dmean）
lowlevel.spectral_energy.dmean2,0.00751155,（低层·频谱·能量·dmean2）
lowlevel.spectral_energy.dvar,0.00011558,（低层·频谱·能量·dvar）
lowlevel.spectral_energy.dvar2,0.00015624,（低层·频谱·能量·dvar2）
lowlevel.spectral_energy.max,0.62918359,（低层·频谱·能量·最大值）
lowlevel.spectral_energy.mean,0.02929207,（低层·频谱·能量·均值）
lowlevel.spectral_energy.median,0.01958499,（低层·频谱·能量·median）
lowlevel.spectral_energy.min,0.00000000,（低层·频谱·能量·最小值）
lowlevel.spectral_energy.stdev,0.03385351,（低层·频谱·能量·标准差）
lowlevel.spectral_energy.var,0.00114606,（低层·频谱·能量·方差）
lowlevel.spectral_energyband_high.dmean,0.00007966,（低层·频谱·energyband·high·dmean）
lowlevel.spectral_energyband_high.dmean2,0.00009155,（低层·频谱·energyband·high·dmean2）
lowlevel.spectral_energyband_high.dvar,0.00000008,（低层·频谱·energyband·high·dvar）
lowlevel.spectral_energyband_high.dvar2,0.00000012,（低层·频谱·energyband·high·dvar2）
lowlevel.spectral_energyband_high.max,0.00980054,（低层·频谱·energyband·high·最大值）
lowlevel.spectral_energyband_high.mean,0.00015148,（低层·频谱·energyband·high·均值）
lowlevel.spectral_energyband_high.median,0.00003041,（低层·频谱·energyband·high·median）
lowlevel.spectral_energyband_high.min,0.00000000,（低层·频谱·energyband·high·最小值）
lowlevel.spectral_energyband_high.stdev,0.00046778,（低层·频谱·energyband·high·标准差）
lowlevel.spectral_energyband_high.var,0.00000022,（低层·频谱·energyband·high·方差）
lowlevel.spectral_energyband_low.dmean,0.00365369,（低层·频谱·energyband·low·dmean）
lowlevel.spectral_energyband_low.dmean2,0.00458440,（低层·频谱·energyband·low·dmean2）
lowlevel.spectral_energyband_low.dvar,0.00006271,（低层·频谱·energyband·low·dvar）
lowlevel.spectral_energyband_low.dvar2,0.00009254,（低层·频谱·energyband·low·dvar2）
lowlevel.spectral_energyband_low.max,0.35293975,（低层·频谱·energyband·low·最大值）
lowlevel.spectral_energyband_low.mean,0.01346455,（低层·频谱·energyband·low·均值）
lowlevel.spectral_energyband_low.median,0.00636134,（低层·频谱·energyband·low·median）
lowlevel.spectral_energyband_low.min,0.00000000,（低层·频谱·energyband·low·最小值）
lowlevel.spectral_energyband_low.stdev,0.02204648,（低层·频谱·energyband·low·标准差）
lowlevel.spectral_energyband_low.var,0.00048605,（低层·频谱·energyband·low·方差）
lowlevel.spectral_energyband_middle_high.dmean,0.00072949,（低层·频谱·energyband·middle·high·dmean）
lowlevel.spectral_energyband_middle_high.dmean2,0.00068618,（低层·频谱·energyband·middle·high·dmean2）
lowlevel.spectral_energyband_middle_high.dvar,0.00002915,（低层·频谱·energyband·middle·high·dvar）
lowlevel.spectral_energyband_middle_high.dvar2,0.00002270,（低层·频谱·energyband·middle·high·dvar2）
lowlevel.spectral_energyband_middle_high.max,0.61347502,（低层·频谱·energyband·middle·high·最大值）
lowlevel.spectral_energyband_middle_high.mean,0.00283889,（低层·频谱·energyband·middle·high·均值）
lowlevel.spectral_energyband_middle_high.median,0.00049997,（低层·频谱·energyband·middle·high·median）
lowlevel.spectral_energyband_middle_high.min,0.00000000,（低层·频谱·energyband·middle·high·最小值）
lowlevel.spectral_energyband_middle_high.stdev,0.01541385,（低层·频谱·energyband·middle·high·标准差）
lowlevel.spectral_energyband_middle_high.var,0.00023759,（低层·频谱·energyband·middle·high·方差）
lowlevel.spectral_energyband_middle_low.dmean,0.00336096,（低层·频谱·energyband·middle·low·dmean）
lowlevel.spectral_energyband_middle_low.dmean2,0.00448616,（低层·频谱·energyband·middle·low·dmean2）
lowlevel.spectral_energyband_middle_low.dvar,0.00003186,（低层·频谱·energyband·middle·low·dvar）
lowlevel.spectral_energyband_middle_low.dvar2,0.00005549,（低层·频谱·energyband·middle·low·dvar2）
lowlevel.spectral_energyband_middle_low.max,0.23099577,（低层·频谱·energyband·middle·low·最大值）
lowlevel.spectral_energyband_middle_low.mean,0.01423261,（低层·频谱·energyband·middle·low·均值）
lowlevel.spectral_energyband_middle_low.median,0.00863035,（低层·频谱·energyband·middle·low·median）
lowlevel.spectral_energyband_middle_low.min,0.00000000,（低层·频谱·energyband·middle·low·最小值）
lowlevel.spectral_energyband_middle_low.stdev,0.01660718,（低层·频谱·energyband·middle·low·标准差）
lowlevel.spectral_energyband_middle_low.var,0.00027580,（低层·频谱·energyband·middle·low·方差）
lowlevel.spectral_entropy.dmean,0.16945706,（低层·频谱·熵·dmean）
lowlevel.spectral_entropy.dmean2,0.20360418,（低层·频谱·熵·dmean2）
lowlevel.spectral_entropy.dvar,0.03063770,（低层·频谱·熵·dvar）
lowlevel.spectral_entropy.dvar2,0.04015797,（低层·频谱·熵·dvar2）
lowlevel.spectral_entropy.max,9.82107449,（低层·频谱·熵·最大值）
lowlevel.spectral_entropy.mean,6.62481403,（低层·频谱·熵·均值）
lowlevel.spectral_entropy.median,6.56827259,（低层·频谱·熵·median）
lowlevel.spectral_entropy.min,4.60859919,（低层·频谱·熵·最小值）
lowlevel.spectral_entropy.stdev,0.75790161,（低层·频谱·熵·标准差）
lowlevel.spectral_entropy.var,0.57441485,（低层·频谱·熵·方差）
lowlevel.spectral_flux.dmean,0.01303823,（低层·频谱·通量·dmean）
lowlevel.spectral_flux.dmean2,0.02051295,（低层·频谱·通量·dmean2）
lowlevel.spectral_flux.dvar,0.00026814,（低层·频谱·通量·dvar）
lowlevel.spectral_flux.dvar2,0.00063191,（低层·频谱·通量·dvar2）
lowlevel.spectral_flux.max,0.37812939,（低层·频谱·通量·最大值）
lowlevel.spectral_flux.mean,0.04509359,（低层·频谱·通量·均值）
lowlevel.spectral_flux.median,0.03819697,（低层·频谱·通量·median）
lowlevel.spectral_flux.min,0.00000000,（低层·频谱·通量·最小值）
lowlevel.spectral_flux.stdev,0.03017838,（低层·频谱·通量·标准差）
lowlevel.spectral_flux.var,0.00091073,（低层·频谱·通量·方差）
lowlevel.spectral_kurtosis.dmean,3.94398665,（低层·频谱·峰度·dmean）
lowlevel.spectral_kurtosis.dmean2,5.85505390,（低层·频谱·峰度·dmean2）
lowlevel.spectral_kurtosis.dvar,37.39667511,（低层·频谱·峰度·dvar）
lowlevel.spectral_kurtosis.dvar2,95.64875031,（低层·频谱·峰度·dvar2）
lowlevel.spectral_kurtosis.max,162.90644836,（低层·频谱·峰度·最大值）
lowlevel.spectral_kurtosis.mean,19.39120102,（低层·频谱·峰度·均值）
lowlevel.spectral_kurtosis.median,11.98952579,（低层·频谱·峰度·median）
lowlevel.spectral_kurtosis.min,-1.26529539,（低层·频谱·峰度·最小值）
lowlevel.spectral_kurtosis.stdev,21.46659660,（低层·频谱·峰度·标准差）
lowlevel.spectral_kurtosis.var,460.81475830,（低层·频谱·峰度·方差）
lowlevel.spectral_rms.dmean,0.00051779,（低层·频谱·rms·dmean）
lowlevel.spectral_rms.dmean2,0.00063251,（低层·频谱·rms·dmean2）
lowlevel.spectral_rms.dvar,0.00000042,（低层·频谱·rms·dvar）
lowlevel.spectral_rms.dvar2,0.00000057,（低层·频谱·rms·dvar2）
lowlevel.spectral_rms.max,0.02477575,（低层·频谱·rms·最大值）
lowlevel.spectral_rms.mean,0.00469054,（低层·频谱·rms·均值）
lowlevel.spectral_rms.median,0.00437119,（低层·频谱·rms·median）
lowlevel.spectral_rms.min,0.00000000,（低层·频谱·rms·最小值）
lowlevel.spectral_rms.stdev,0.00256443,（低层·频谱·rms·标准差）
lowlevel.spectral_rms.var,0.00000658,（低层·频谱·rms·方差）
lowlevel.spectral_rolloff.dmean,114.21046448,（低层·频谱·滚降点·dmean）
lowlevel.spectral_rolloff.dmean2,187.52880859,（低层·频谱·滚降点·dmean2）
lowlevel.spectral_rolloff.dvar,302826.71875000,（低层·频谱·滚降点·dvar）
lowlevel.spectral_rolloff.dvar2,663431.43750000,（低层·频谱·滚降点·dvar2）
lowlevel.spectral_rolloff.max,19659.81445312,（低层·频谱·滚降点·最大值）
lowlevel.spectral_rolloff.mean,717.17199707,（低层·频谱·滚降点·均值）
lowlevel.spectral_rolloff.median,473.73046875,（低层·频谱·滚降点·median）
lowlevel.spectral_rolloff.min,64.59960938,（低层·频谱·滚降点·最小值）
lowlevel.spectral_rolloff.stdev,1783.03808594,（低层·频谱·滚降点·标准差）
lowlevel.spectral_rolloff.var,3179225.00000000,（低层·频谱·滚降点·方差）
lowlevel.spectral_skewness.dmean,0.32258257,（低层·频谱·偏度·dmean）
lowlevel.spectral_skewness.dmean2,0.44526982,（低层·频谱·偏度·dmean2）
lowlevel.spectral_skewness.dvar,0.12298056,（低层·频谱·偏度·dvar）
lowlevel.spectral_skewness.dvar2,0.27025148,（低层·频谱·偏度·dvar2）
lowlevel.spectral_skewness.max,10.61819458,（低层·频谱·偏度·最大值）
lowlevel.spectral_skewness.mean,3.34061670,（低层·频谱·偏度·均值）
lowlevel.spectral_skewness.median,2.99284244,（低层·频谱·偏度·median）
lowlevel.spectral_skewness.min,-2.37792563,（低层·频谱·偏度·最小值）
lowlevel.spectral_skewness.stdev,1.58589065,（低层·频谱·偏度·标准差）
lowlevel.spectral_skewness.var,2.51504922,（低层·频谱·偏度·方差）
lowlevel.spectral_spread.dmean,522558.00000000,（低层·频谱·扩散度·dmean）
lowlevel.spectral_spread.dmean2,609422.00000000,（低层·频谱·扩散度·dmean2）
lowlevel.spectral_spread.dvar,352785661952.00000000,（低层·频谱·扩散度·dvar）
lowlevel.spectral_spread.dvar2,470754852864.00000000,（低层·频谱·扩散度·dvar2）
lowlevel.spectral_spread.max,42646396.00000000,（低层·频谱·扩散度·最大值）
lowlevel.spectral_spread.mean,4563243.50000000,（低层·频谱·扩散度·均值）
lowlevel.spectral_spread.median,4054663.00000000,（低层·频谱·扩散度·median）
lowlevel.spectral_spread.min,633044.00000000,（低层·频谱·扩散度·最小值）
lowlevel.spectral_spread.stdev,3316455.50000000,（低层·频谱·扩散度·标准差）
lowlevel.spectral_spread.var,10998876471296.00000000,（低层·频谱·扩散度·方差）
lowlevel.spectral_strongpeak.dmean,0.27462438,（低层·频谱·strongpeak·dmean）
lowlevel.spectral_strongpeak.dmean2,0.42074764,（低层·频谱·strongpeak·dmean2）
lowlevel.spectral_strongpeak.dvar,0.36141860,（低层·频谱·strongpeak·dvar）
lowlevel.spectral_strongpeak.dvar2,0.67920417,（低层·频谱·strongpeak·dvar2）
lowlevel.spectral_strongpeak.max,33.99264526,（低层·频谱·strongpeak·最大值）
lowlevel.spectral_strongpeak.mean,0.94452065,（低层·频谱·strongpeak·均值）
lowlevel.spectral_strongpeak.median,0.53448778,（低层·频谱·strongpeak·median）
lowlevel.spectral_strongpeak.min,0.00000000,（低层·频谱·strongpeak·最小值）
lowlevel.spectral_strongpeak.stdev,1.50565434,（低层·频谱·strongpeak·标准差）
lowlevel.spectral_strongpeak.var,2.26699495,（低层·频谱·strongpeak·方差）
lowlevel.zerocrossingrate.dmean,0.00472831,（低层·zerocrossingrate·dmean）
lowlevel.zerocrossingrate.dmean2,0.00522289,（低层·zerocrossingrate·dmean2）
lowlevel.zerocrossingrate.dvar,0.00005040,（低层·zerocrossingrate·dvar）
lowlevel.zerocrossingrate.dvar2,0.00004607,（低层·zerocrossingrate·dvar2）
lowlevel.zerocrossingrate.max,0.70117188,（低层·zerocrossingrate·最大值）
lowlevel.zerocrossingrate.mean,0.03617609,（低层·zerocrossingrate·均值）
lowlevel.zerocrossingrate.median,0.02490234,（低层·zerocrossingrate·median）
lowlevel.zerocrossingrate.min,0.00244141,（低层·zerocrossingrate·最小值）
lowlevel.zerocrossingrate.stdev,0.05286381,（低层·zerocrossingrate·标准差）
lowlevel.zerocrossingrate.var,0.00279458,（低层·zerocrossingrate·方差）
metadata.audio_properties.analysis.downmix,mix,（元数据·audio·properties·分析·downmix）
metadata.audio_properties.analysis.equal_loudness,0.00000000,（元数据·audio·properties·分析·equal·响度）
metadata.audio_properties.analysis.length,408.92517090,（元数据·audio·properties·分析·length）
metadata.audio_properties.analysis.sample_rate,44100.00000000,（元数据·audio·properties·分析·sample·比率）
metadata.audio_properties.analysis.start_time,0.00000000,（元数据·audio·properties·分析·start·time）
metadata.audio_properties.bit_rate,324830.00000000,（元数据·audio·properties·bit·比率）
metadata.audio_properties.codec,aac,（元数据·audio·properties·codec）
metadata.audio_properties.length,408.92517090,（元数据·audio·properties·length）
metadata.audio_properties.lossless,0.00000000,（元数据·audio·properties·lossless）
metadata.audio_properties.md5_encoded,576f0258a67378595c75f8a04d6ca168,（元数据·audio·properties·md5·encoded）
metadata.audio_properties.number_channels,2.00000000,（元数据·audio·properties·number·channels）
metadata.audio_properties.replay_gain,-4.61158371,（元数据·audio·properties·replay·gain）
metadata.audio_properties.sample_rate,44100.00000000,（元数据·audio·properties·sample·比率）
metadata.tags.file_name,Waltz for Debby.m4a,（元数据·tags·file·name）
metadata.version.essentia,2.1-beta6-dev,（元数据·version·essentia）
metadata.version.essentia_git_sha,v2.1_beta5-1417-gf0f6c358-dirty,（元数据·version·essentia·git·sha）
metadata.version.extractor,music 2.0,（元数据·version·extractor）
rhythm.beats_count,670.00000000,（节奏·节拍·count）
rhythm.beats_loudness.dmean,0.02808055,（节奏·节拍·响度·dmean）
rhythm.beats_loudness.dmean2,0.05045202,（节奏·节拍·响度·dmean2）
rhythm.beats_loudness.dvar,0.00163681,（节奏·节拍·响度·dvar）
rhythm.beats_loudness.dvar2,0.00489390,（节奏·节拍·响度·dvar2）
rhythm.beats_loudness.max,0.42101657,（节奏·节拍·响度·最大值）
rhythm.beats_loudness.mean,0.03271285,（节奏·节拍·响度·均值）
rhythm.beats_loudness.median,0.02468539,（节奏·节拍·响度·median）
rhythm.beats_loudness.min,0.00000000,（节奏·节拍·响度·最小值）
rhythm.beats_loudness.stdev,0.03696663,（节奏·节拍·响度·标准差）
rhythm.beats_loudness.var,0.00136653,（节奏·节拍·响度·方差）
rhythm.beats_loudness_band_ratio.dmean,0.27198678;0.17775103;0.18216680;0.07387874;0.01260390;0.02281067,（节奏·节拍·响度·band·ratio·dmean）
rhythm.beats_loudness_band_ratio.dmean2,0.47218603;0.30982965;0.31706086;0.13092893;0.02320400;0.04167210,（节奏·节拍·响度·band·ratio·dmean2）
rhythm.beats_loudness_band_ratio.dvar,0.04734288;0.02770402;0.03257183;0.01833468;0.00209724;0.00171879,（节奏·节拍·响度·band·ratio·dvar）
rhythm.beats_loudness_band_ratio.dvar2,0.13192767;0.07981186;0.08736505;0.05173196;0.00623215;0.00473387,（节奏·节拍·响度·band·ratio·dvar2）
rhythm.beats_loudness_band_ratio.max,0.99310458;0.88129479;0.94325066;0.98534364;0.63251221;0.38988611,（节奏·节拍·响度·band·ratio·最大值）
rhythm.beats_loudness_band_ratio.mean,0.49602920;0.24636242;0.21003762;0.06758276;0.01177318;0.02138756,（节奏·节拍·响度·band·ratio·均值）
rhythm.beats_loudness_band_ratio.median,0.49395606;0.20254675;0.12945783;0.02740298;0.00323705;0.00501154,（节奏·节拍·响度·band·ratio·median）
rhythm.beats_loudness_band_ratio.min,0.00000000;0.00000000;0.00000000;0.00000000;0.00000000;0.00000000,（节奏·节拍·响度·band·ratio·最小值）
rhythm.beats_loudness_band_ratio.stdev,0.28482199;0.19255482;0.20584545;0.12834789;0.04234434;0.04129076,（节奏·节拍·响度·band·ratio·标准差）
rhythm.beats_loudness_band_ratio.var,0.08112356;0.03707736;0.04237235;0.01647318;0.00179304;0.00170493,（节奏·节拍·响度·band·ratio·方差）
rhythm.beats_position,0.41795918;0.85913831;1.30031741;1.74149656;2.17106581;2.58902478;3.01859403;3.43655324;3.85451245;4.26086140;4.71365070;5.17804956;5.64244890;6.14167786;6.64090681;7.14013577;7.65097475;8.12698364;8.61460304;9.11383247;9.58984089;10.06585026;10.65795898;11.25006771;11.84217644;12.41106510;13.00317478;13.56045341;14.09451199;14.65179157;15.05814075;15.48770905;15.91727829;16.34684753;16.78802681;17.22920609;17.67038536;18.16961479;18.66884232;19.16807175;19.64408112;20.12009048;20.59609985;21.08371925;21.55972672;22.03573608;22.50013542;22.97614479;23.47537422;23.92816353;24.35773277;24.78730202;25.21686935;25.63482857;26.05278778;26.48235703;26.91192627;27.35310555;27.80589485;28.32834435;28.83918381;29.35002136;29.95374107;30.55745888;31.16117859;31.76489830;32.35700607;32.94911575;33.55283356;34.14494324;34.74866104;35.34077072;35.94448853;36.54820633;37.15192795;37.75564575;38.34775543;38.95147324;39.56680298;40.19374084;40.82067871;41.44761658;42.09777832;42.74793625;43.31682587;43.88571167;44.46621323;45.02349091;45.58076859;46.09160995;46.60244751;47.10167694;47.60090637;48.11174393;48.62258530;49.11020279;49.59782410;50.09704971;50.57305908;51.04906845;51.52507782;52.02430725;52.53514481;53.03437424;53.63809586;54.24181366;54.84553146;55.43764114;56.02975082;56.58702850;57.15591812;57.72480774;58.30530548;58.86258316;59.41986465;59.95392227;60.47637177;60.95238113;61.45161057;61.95083618;62.46167755;62.98412704;63.50657654;64.01741028;64.52825165;65.03909302;65.54993439;66.04915619;66.57160950;67.07083893;67.57006836;68.08090210;68.60335541;69.11419678;69.63664246;70.31002045;70.97178650;71.63356018;72.30693817;72.99192810;73.68852234;74.37351227;75.04689026;75.72026825;76.40525818;77.07863617;77.74040985;78.39056396;79.06394196;79.73731995;80.41069794;81.08408356;81.74584961;82.40761566;83.06938934;83.73115540;84.39292145;85.05469513;85.71646118;86.37822723;87.05160522;87.72499084;88.39836884;89.06013489;89.72190094;90.37206268;91.03382874;91.69560242;92.35736847;93.01913452;93.68090820;94.34267426;94.99283600;95.65460205;96.31636810;96.98974609;97.65151978;98.32489777;98.98666382;99.64842987;100.31020355;100.97196960;101.64534760;102.30712128;102.96888733;103.63065338;104.29242706;104.95419312;105.60435486;106.25450897;106.90467072;107.56643677;108.21659851;108.86675262;109.52852631;110.17868042;110.82884216;111.49060822;112.15238190;112.82575989;113.48752594;114.14929199;114.82266998;115.49605560;116.14620972;116.79637146;117.45813751;118.11990356;118.78167725;119.44344330;120.09360504;120.75537109;121.41713715;122.07891083;122.74067688;123.40244293;124.06421661;124.71437073;125.36453247;126.02629852;126.67646027;127.33822632;127.98838806;128.63854980;129.28871155;129.95046997;130.61224365;131.25079346;131.88934326;132.53950500;133.18965149;133.83981323;134.48997498;135.15174866;135.81350708;136.46366882;137.10221863;137.75238037;138.41415405;139.06430054;139.71446228;140.36462402;141.01478577;141.66494751;142.31509399;142.96525574;143.61541748;144.26557922;144.92733765;145.58911133;146.23927307;146.88943481;147.53959656;148.18974304;148.83990479;149.49006653;150.15184021;150.81359863;151.47537231;152.13714600;152.78729248;153.46067810;154.12245178;154.78421021;155.43437195;156.09614563;156.75790405;157.40806580;158.06983948;158.73161316;159.38175964;160.04353333;160.70530701;161.36706543;162.01722717;162.67900085;163.32916260;163.99092102;164.65269470;165.30285645;165.95301819;166.60316467;167.25332642;167.91510010;168.57687378;169.22702026;169.88879395;170.55056763;171.20072937;171.85087585;172.50103760;173.15119934;173.80136108;174.45152283;175.10166931;175.74021912;176.39038086;177.02893066;177.69070435;178.35246277;179.00262451;179.65278625;180.30294800;180.94149780;181.58004761;182.23019409;182.88035583;183.54212952;184.20390320;184.85404968;185.50421143;186.15437317;186.81614685;187.47790527;188.12806702;188.78984070;189.45159912;190.10176086;190.75192261;191.40208435;192.05224609;192.70239258;193.35255432;194.00271606;194.65287781;195.29142761;195.92997742;196.58013916;197.21867371;197.85722351;198.50738525;199.15754700;199.80770874;200.44625854;201.08480835;201.73495483;202.38511658;203.03527832;203.68544006;204.33560181;204.98574829;205.63591003;206.28607178;206.93623352;207.58639526;208.23655701;208.88670349;209.53686523;210.18702698;210.83718872;211.48735046;212.13749695;212.78765869;213.43782043;214.08798218;214.73814392;215.38829041;216.03845215;216.67700195;217.31555176;217.96571350;218.61587524;219.26602173;219.91618347;220.56634521;221.20489502;221.84344482;222.48199463;223.12054443;223.77070618;224.42085266;225.07101440;225.73278809;226.39454651;227.04470825;227.69487000;228.34503174;228.99519348;229.64533997;230.30711365;230.96888733;231.61904907;232.25759888;232.89613342;233.53468323;234.17323303;234.81178284;235.45033264;236.08888245;236.72743225;237.36598206;238.01614380;238.66630554;239.30485535;239.95500183;240.60516357;241.25532532;241.90548706;242.55564880;243.20579529;243.85595703;244.50611877;245.16789246;245.81803894;246.45658875;247.10675049;247.75691223;248.41868591;249.06883240;249.71899414;250.36915588;251.00770569;251.65786743;252.30802917;252.95817566;253.61994934;254.28172302;254.95509338;255.62847900;256.27862549;256.94039917;257.57894897;258.21749878;258.87927246;259.52941895;260.17959595;260.84136963;261.50311279;262.13006592;262.78021240;263.46520996;264.16180420;264.87002563;265.57821655;266.25161743;266.92498779;267.59835815;268.28335571;268.96835327;269.64172363;270.30349731;270.96527100;271.62701416;272.32360840;273.02023315;273.72842407;274.42501831;275.09841919;275.77178955;276.44515991;277.10693359;277.76870728;278.43048096;279.09225464;279.73077393;280.36932373;281.00787354;281.64642334;282.29660034;282.94674683;283.58529663;284.23547363;284.88562012;285.53576660;286.17431641;286.82449341;287.46304321;288.11318970;288.78656006;289.47155762;290.15655518;290.84152222;291.52651978;292.19989014;292.87329102;293.54666138;294.23165894;294.90502930;295.56680298;296.30984497;297.05288696;297.79589844;298.55056763;299.30520630;300.07147217;300.73324585;301.39501953;302.04516602;302.68371582;303.33386230;303.97241211;304.62258911;305.27273560;305.92288208;306.57305908;307.22320557;307.87338257;308.52352905;309.19689941;309.88189697;310.56689453;311.26348877;311.96008301;312.63345337;313.30685425;313.98022461;314.66522217;315.31536865;315.95391846;316.60406494;317.25424194;317.90438843;318.54293823;319.18148804;319.83163452;320.48181152;321.12036133;321.75891113;322.39746094;323.03601074;323.67456055;324.31311035;324.96325684;325.61340332;326.26358032;326.90213013;327.54067993;328.17922974;328.82937622;329.49114990;330.14129639;330.79147339;331.44161987;332.09179688;332.74194336;333.39208984;334.03063965;334.66918945;335.30773926;335.94628906;336.59646606;337.24661255;337.89675903;338.54693604;339.18548584;339.82403564;340.47418213;341.12435913;341.76290894;342.40145874;343.05160522;343.70175171;344.35192871;344.99047852;345.62902832;346.27917480;346.94094849;347.59109497;348.24127197;348.89141846;349.51837158;350.15692139;350.80706787;351.45721436;352.10739136;352.74594116;353.38449097;354.03463745;354.67318726;355.32336426;355.97351074;356.62365723;357.28543091;357.93560791;358.58575439;359.23590088;359.88607788;360.54785156;361.20959473;361.85977173;362.49832153;363.13687134;363.78701782;364.43719482;365.07574463;365.71426392;366.36444092;367.01458740;367.66476440;368.30331421;368.94186401;369.59201050;370.24215698;370.88070679;371.51925659;372.16943359;372.80798340;373.44653320;374.09667969;374.74682617;375.39700317;376.04714966;376.69732666;377.34747314;378.00924683;378.65939331;379.29794312;379.94812012;380.59826660;381.24844360;381.89859009;382.54873657;383.21051025;383.87228394;384.52243042;385.17260742;385.82275391;386.47293091;387.12307739;387.78485107;388.44662476;389.11999512;389.65405273;390.17651367;390.69894409;391.23300171;391.75546265;392.28952026;392.73068237;393.17187500;393.61306763;394.06585693;394.50701904;394.95980835;395.34292603;395.73767090;396.12081909;396.50393677;396.87545776;397.24697876;397.61849976;397.99002075;398.34991455;398.70983887;399.08135986;399.45288086;399.82440186;400.19592285;400.54421997;400.90411377;401.24081421;401.58911133;401.93740845;402.28570557;402.63400269;402.98229980;403.34222412;403.69052124;404.03881836;404.38711548;404.73541260;405.09530640;405.45523071;405.82675171;406.19827271;406.56979370;406.94131470;407.31283569;407.68435669;408.06747437,（节奏·节拍·位置）
rhythm.bpm,91.81293488,（节奏·BPM）
rhythm.bpm_histogram,0.00000000;0.00000000;0.00000000;0.00000000;0.00000000;0.00000000;0.00000000;0.00000000;0.00000000;0.00000000;0.00000000;0.00000000;0.00000000;0.00000000;0.00000000;0.00000000;0.00000000;0.00000000;0.00000000;0.00000000;0.00000000;0.00000000;0.00000000;0.00000000;0.00000000;0.00000000;0.00000000;0.00000000;0.00000000;0.00000000;0.00000000;0.00000000;0.00000000;0.00000000;0.00000000;0.00000000;0.00000000;0.00000000;0.00000000;0.00000000;0.00000000;0.00000000;0.00000000;0.00000000;0.00000000;0.00000000;0.00000000;0.00000000;0.00000000;0.00000000;0.00000000;0.00000000;0.00000000;0.00000000;0.00000000;0.00000000;0.00000000;0.00000000;0.00000000;0.00000000;0.00000000;0.00000000;0.00000000;0.00000000;0.00000000;0.00000000;0.00000000;0.00000000;0.00000000;0.00000000;0.00000000;0.00000000;0.00000000;0.00000000;0.00000000;0.00000000;0.00000000;0.00000000;0.00149477;0.00000000;0.00298954;0.00448431;0.00000000;0.00000000;0.00000000;0.00448431;0.01046338;0.00000000;0.02092676;0.05680120;0.00000000;0.17339313;0.33482811;0.00000000;0.11808670;0.00000000;0.00747384;0.00000000;0.00149477;0.02092676;0.00000000;0.01644245;0.00000000;0.00298954;0.00000000;0.00747384;0.00000000;0.00000000;0.01046338;0.00000000;0.00000000;0.00000000;0.00747384;0.00000000;0.00000000;0.01494768;0.00000000;0.02242152;0.00000000;0.00000000;0.02690583;0.00000000;0.00000000;0.00597907;0.00000000;0.00000000;0.01943199;0.00000000;0.00000000;0.00448431;0.00000000;0.00000000;0.00000000;0.00747384;0.00000000;0.00000000;0.01644245;0.00000000;0.00000000;0.00000000;0.01494768;0.00000000;0.00000000;0.00000000;0.00747384;0.00000000;0.00000000;0.00000000;0.00298954;0.00000000;0.00000000;0.00000000;0.00149477;0.00000000;0.00000000;0.00000000;0.00000000;0.00597907;0.00000000;0.00000000;0.00000000;0.02092676;0.00000000;0.00000000;0.00000000;0.00000000;0.00000000;0.00896861;0.00000000;0.00000000;0.00000000;0.00000000;0.01494768;0.00000000;0.00000000;0.00000000;0.00000000;0.00000000;0.00149477;0.00000000;0.00000000;0.00000000;0.00000000;0.00000000;0.00000000;0.00000000;0.00000000;0.00000000;0.00000000;0.00000000;0.00000000;0.00000000;0.00000000;0.00000000;0.00000000;0.00000000;0.00000000;0.00000000;0.00000000;0.00000000;0.00000000;0.00000000;0.00000000;0.00000000;0.00000000;0.00000000;0.00000000;0.00000000;0.00000000;0.00000000;0.00000000;0.00000000;0.00000000;0.00000000;0.00000000;0.00000000;0.00000000;0.00000000;0.00000000;0.00000000;0.00000000;0.00000000;0.00000000;0.00000000;0.00000000;0.00000000;0.00000000;0.00000000;0.00000000;0.00000000;0.00000000;0.00000000;0.00000000;0.00000000;0.00000000;0.00000000;0.00000000;0.00000000;0.00000000;0.00000000;0.00000000;0.00000000;0.00000000;0.00000000;0.00000000;0.00000000;0.00000000;0.00000000;0.00000000;0.00000000,（节奏·BPM·直方图）
rhythm.bpm_histogram_first_peak_bpm,92.00000000,（节奏·BPM·直方图·first·peak·BPM）
rhythm.bpm_histogram_first_peak_weight,0.28571421,（节奏·BPM·直方图·first·peak·weight）
rhythm.bpm_histogram_second_peak_bpm,120.00000000,（节奏·BPM·直方图·second·peak·BPM）
rhythm.bpm_histogram_second_peak_spread,0.51351345,（节奏·BPM·直方图·second·peak·扩散度）
rhythm.bpm_histogram_second_peak_weight,0.02690583,（节奏·BPM·直方图·second·peak·weight）
rhythm.danceability,1.16524196,（节奏·danceability）
rhythm.onset_rate,4.58259916,（节奏·起音·比率）
tonal.chords_changes_rate,0.07562166,（调性/和声·和弦·changes·比率）
tonal.chords_histogram,26.54706573;20.44964218;5.65459299;4.66674232;0.59043944;4.62132406;2.02111959;1.56693542;1.14681506;5.18905401;3.86056542;1.27171564;0.84024072;0.04541842;0.18167368;0.01135460;2.49801302;0.51095718;1.89621890;1.31713414;2.02111959;0.00000000;6.18825912;6.90359926,（调性/和声·和弦·直方图）
tonal.chords_key,D,（调性/和声·和弦·主音）
tonal.chords_number_rate,0.00193028,（调性/和声·和弦·number·比率）
tonal.chords_scale,minor,（调性/和声·和弦·调式）
tonal.chords_strength.dmean,0.01096880,（调性/和声·和弦·strength·dmean）
tonal.chords_strength.dmean2,0.00937052,（调性/和声·和弦·strength·dmean2）
tonal.chords_strength.dvar,0.00009637,（调性/和声·和弦·strength·dvar）
tonal.chords_strength.dvar2,0.00011731,（调性/和声·和弦·strength·dvar2）
tonal.chords_strength.max,0.77594376,（调性/和声·和弦·strength·最大值）
tonal.chords_strength.mean,0.44036561,（调性/和声·和弦·strength·均值）
tonal.chords_strength.median,0.43876067,（调性/和声·和弦·strength·median）
tonal.chords_strength.min,0.00000000,（调性/和声·和弦·strength·最小值）
tonal.chords_strength.stdev,0.09098727,（调性/和声·和弦·strength·标准差）
tonal.chords_strength.var,0.00827868,（调性/和声·和弦·strength·方差）
tonal.hpcp.dmean,0.13828583;0.12202357;0.08864675;0.08614907;0.07883342;0.06080715;0.06605154;0.07645833;0.09888790;0.09666060;0.08385438;0.05924018;0.06671600;0.06377793;0.08712653;0.09373657;0.08655523;0.04740718;0.04639972;0.05092260;0.06955539;0.08867820;0.08419620;0.08913576;0.09610591;0.06232310;0.02528255;0.02754270;0.04389562;0.07432128;0.09124161;0.08482659;0.06390195;0.07721462;0.10729651;0.13942313,（调性/和声·HPCP（音高类别谱）·dmean）
tonal.hpcp.dmean2,0.23451674;0.21261472;0.15617609;0.14925872;0.14074902;0.10768636;0.11413838;0.13706422;0.17171361;0.16223137;0.14545099;0.10498818;0.11513036;0.11252529;0.14933813;0.15493943;0.14970881;0.08522616;0.08190037;0.09183179;0.12235725;0.15357944;0.14646307;0.15134522;0.15506054;0.10285868;0.04479585;0.04731650;0.07959261;0.12771034;0.15477860;0.14929439;0.11535243;0.13733169;0.19200185;0.24075188,（调性/和声·HPCP（音高类别谱）·dmean2）
tonal.hpcp.dvar,0.05374552;0.04146607;0.03353184;0.03921405;0.03015756;0.02117625;0.02751913;0.02803099;0.03446548;0.03879872;0.02823382;0.02141915;0.02922884;0.02549109;0.02933547;0.03579053;0.02610305;0.01596666;0.01721911;0.01894980;0.02517826;0.03455754;0.03156627;0.02857099;0.03345438;0.01617795;0.00666527;0.00818870;0.01462751;0.02718955;0.03463626;0.03170081;0.02568583;0.03299322;0.04476925;0.05021437,（调性/和声·HPCP（音高类别谱）·dvar）
tonal.hpcp.dvar2,0.12505323;0.11170515;0.08872391;0.09201786;0.08164871;0.05599261;0.06353090;0.07646123;0.08761670;0.08515394;0.07418352;0.05629379;0.06859060;0.06796718;0.07679193;0.07784138;0.07004414;0.04404061;0.04470624;0.05209395;0.06336248;0.08684777;0.08045091;0.07001664;0.07256857;0.03928579;0.01830535;0.02058109;0.04185010;0.06782059;0.07670456;0.08369186;0.07087197;0.08704185;0.11950642;0.12643632,（调性/和声·HPCP（音高类别谱）·dvar2）
tonal.hpcp.max,1.00000000;1.00000000;1.00000000;1.00000000;1.00000000;1.00000000;1.00000000;1.00000000;1.00000000;1.00000000;1.00000000;1.00000000;1.00000000;1.00000000;1.00000000;1.00000000;1.00000000;1.00000000;1.00000000;1.00000000;1.00000000;1.00000000;1.00000000;1.00000000;1.00000000;1.00000000;1.00000000;1.00000000;1.00000000;1.00000000;1.00000000;1.00000000;1.00000000;1.00000000;1.00000000;1.00000000,（调性/和声·HPCP（音高类别谱）·最大值）
tonal.hpcp.mean,0.25545534;0.14627367;0.10037534;0.14796883;0.09454879;0.06710253;0.10283194;0.08193081;0.14705892;0.19902728;0.10015780;0.06739449;0.10230341;0.07283930;0.12637772;0.20805733;0.11756236;0.04469411;0.05436661;0.04880483;0.08057737;0.11670421;0.09602146;0.12102155;0.16731663;0.09269261;0.02606975;0.03350864;0.03737528;0.11818109;0.16431786;0.08987922;0.05608687;0.07747870;0.09063657;0.18588033,（调性/和声·HPCP（音高类别谱）·均值）
tonal.hpcp.median,0.05375601;0.02667702;0.00427960;0.00329181;0.00309309;0.00388059;0.00475605;0.00421545;0.01379362;0.01813808;0.00975820;0.00405981;0.00414761;0.00296934;0.01649887;0.02953521;0.01834950;0.00191326;0.00145647;0.00140152;0.00629042;0.01293135;0.01047333;0.01904289;0.01878700;0.00940657;0.00156617;0.00176315;0.00218889;0.01110343;0.02166093;0.01380348;0.00274489;0.00330617;0.00461495;0.03608171,（调性/和声·HPCP（音高类别谱）·median）
tonal.hpcp.min,0.00000000;0.00000000;0.00000000;0.00000000;0.00000000;0.00000000;0.00000000;0.00000000;0.00000000;0.00000000;0.00000000;0.00000000;0.00000000;0.00000000;0.00000000;0.00000000;0.00000000;0.00000000;0.00000000;0.00000000;0.00000000;0.00000000;0.00000000;0.00000000;0.00000000;0.00000000;0.00000000;0.00000000;0.00000000;0.00000000;0.00000000;0.00000000;0.00000000;0.00000000;0.00000000;0.00000000,（调性/和声·HPCP（音高类别谱）·最小值）
tonal.hpcp.stdev,0.35548210;0.23510191;0.20990157;0.30031866;0.20358254;0.16221681;0.24551795;0.18382059;0.25771230;0.33231381;0.19424242;0.16312157;0.24754417;0.17634088;0.22097518;0.33338940;0.20221534;0.12858920;0.16306232;0.14424908;0.19294676;0.23800120;0.21246560;0.21231049;0.27821714;0.16998425;0.08957789;0.11374508;0.11114518;0.24667287;0.29453015;0.18827096;0.15389252;0.19911999;0.20447414;0.27658522,（调性/和声·HPCP（音高类别谱）·标准差）
tonal.hpcp.var,0.12636752;0.05527291;0.04405867;0.09019130;0.04144585;0.02631429;0.06027907;0.03379001;0.06641563;0.11043247;0.03773012;0.02660865;0.06127811;0.03109610;0.04883002;0.11114849;0.04089105;0.01653518;0.02658932;0.02080780;0.03722845;0.05664457;0.04514163;0.04507574;0.07740478;0.02889464;0.00802420;0.01293794;0.01235325;0.06084751;0.08674802;0.03544595;0.02368291;0.03964877;0.04180967;0.07649939,（调性/和声·HPCP（音高类别谱）·方差）
tonal.hpcp_crest.dmean,4.79103136,（调性/和声·HPCP（音高类别谱）·crest·dmean）
tonal.hpcp_crest.dmean2,8.15467644,（调性/和声·HPCP（音高类别谱）·crest·dmean2）
tonal.hpcp_crest.dvar,28.34433746,（调性/和声·HPCP（音高类别谱）·crest·dvar）
tonal.hpcp_crest.dvar2,69.72076416,（调性/和声·HPCP（音高类别谱）·crest·dvar2）
tonal.hpcp_crest.max,35.86842728,（调性/和声·HPCP（音高类别谱）·crest·最大值）
tonal.hpcp_crest.mean,15.60481548,（调性/和声·HPCP（音高类别谱）·crest·均值）
tonal.hpcp_crest.median,14.10196972,（调性/和声·HPCP（音高类别谱）·crest·median）
tonal.hpcp_crest.min,0.00000000,（调性/和声·HPCP（音高类别谱）·crest·最小值）
tonal.hpcp_crest.stdev,7.09396124,（调性/和声·HPCP（音高类别谱）·crest·标准差）
tonal.hpcp_crest.var,50.32428360,（调性/和声·HPCP（音高类别谱）·crest·方差）
tonal.hpcp_entropy.dmean,0.49832788,（调性/和声·HPCP（音高类别谱）·熵·dmean）
tonal.hpcp_entropy.dmean2,0.83495510,（调性/和声·HPCP（音高类别谱）·熵·dmean2）
tonal.hpcp_entropy.dvar,0.23598224,（调性/和声·HPCP（音高类别谱）·熵·dvar）
tonal.hpcp_entropy.dvar2,0.60528016,（调性/和声·HPCP（音高类别谱）·熵·dvar2）
tonal.hpcp_entropy.max,4.53956032,（调性/和声·HPCP（音高类别谱）·熵·最大值）
tonal.hpcp_entropy.mean,1.66357231,（调性/和声·HPCP（音高类别谱）·熵·均值）
tonal.hpcp_entropy.median,1.66917336,（调性/和声·HPCP（音高类别谱）·熵·median）
tonal.hpcp_entropy.min,0.00000000,（调性/和声·HPCP（音高类别谱）·熵·最小值）
tonal.hpcp_entropy.stdev,0.69346058,（调性/和声·HPCP（音高类别谱）·熵·标准差）
tonal.hpcp_entropy.var,0.48088756,（调性/和声·HPCP（音高类别谱）·熵·方差）
tonal.key_edma.key,D,（调性/和声·主音·edma·主音）
tonal.key_edma.scale,minor,（调性/和声·主音·edma·调式）
tonal.key_edma.strength,0.60800570,（调性/和声·主音·edma·strength）
tonal.key_krumhansl.key,D,（调性/和声·主音·krumhansl·主音）
tonal.key_krumhansl.scale,minor,（调性/和声·主音·krumhansl·调式）
tonal.key_krumhansl.strength,0.61624610,（调性/和声·主音·krumhansl·strength）
tonal.key_temperley.key,D,（调性/和声·主音·temperley·主音）
tonal.key_temperley.scale,minor,（调性/和声·主音·temperley·调式）
tonal.key_temperley.strength,0.61681122,（调性/和声·主音·temperley·strength）
tonal.thpcp,1.00000000;0.57259977;0.39292714;0.57923561;0.37011868;0.26267812;0.40254369;0.32072458;0.57567370;0.77910793;0.39207557;0.26382101;0.40047473;0.28513518;0.49471548;0.81445676;0.46020710;0.17495859;0.21282238;0.19105035;0.31542644;0.45684779;0.37588355;0.47374836;0.65497410;0.36285248;0.10205208;0.13117221;0.14630847;0.46262917;0.64323515;0.35183927;0.21955645;0.30329645;0.35480395;0.72764313,（调性/和声·thpcp）
tonal.tuning_diatonic_strength,0.42527750,（调性/和声·tuning·diatonic·strength）
tonal.tuning_equal_tempered_deviation,0.00000000,（调性/和声·tuning·equal·tempered·deviation）
tonal.tuning_frequency,443.31643677,（调性/和声·tuning·frequency）
tonal.tuning_nontempered_energy_ratio,0.62360609,（调性/和声·tuning·nontempered·能量·ratio）
